Workbook

Sheet Master Schedule
A1: No | B1: Event | C1: DATE | D1: DAY | E1: SPORT | F1: TIME | G1: OPPONENT | H1: HOME OR AWAY | I1: Departure Time if Away | J1: Status
A2: 1 | C2: 46235 | D2: =text(C2,"dddd") -> Saturday | E2: =TEXTJOIN( CHAR(10) & CHAR(10), TRUE, IFERROR(WSO!E2, ""), IFERROR(MSO!E2, ""), IFERROR(FH!E2, ""), IFERROR(MGOLF!E2, ""), IFERROR(Football!E2, ""), IFERROR(WVB!E2, ""), IFERROR(XC!E2, ""), IFERROR(SWIMMING!E2, ""), IFERROR(WTEN!E2, ""), IFERROR(TF!E2, ""), IFERROR(WGOLF!E2, ""), IFERROR(WBB!E2, ""), IFERROR(MBB!E2, ""), IFERROR(WLAX!E2, ""), IFERROR(MLAX!E2, ""), IFERROR(SOFT!E2, ""), IFERROR(BASE!E2, ""), IFERROR(ESPORTS!E2, "") ) | F2: =IFERROR(__xludf.DUMMYFUNCTION("TEXTJOIN( CHAR(10) & CHAR(10), TRUE, IFERROR(TEXT(FILTER(WSO!F2, LEN(WSO!F2)), ""h:mm AM/PM""), """"), IFERROR(TEXT(FILTER(MSO!F2, LEN(MSO!F2)), ""h:mm AM/PM""), """"), IFERROR(TEXT(FILTER(FH!F2, LEN(FH!F2)), ""h:mm AM/PM""), """"), IFERROR(TE"&"XT(FILTER(MGOLF!F2, LEN(MGOLF!F2)), ""h:mm AM/PM""), """"), IFERROR(TEXT(FILTER(Football!F2, LEN(Football!F2)), ""h:mm AM/PM""), """"), IFERROR(TEXT(FILTER(WVB!F2, LEN(WVB!F2)), ""h:mm AM/PM""), """"), IFERROR(TEXT(FILTER(XC!F2, LEN(XC!F2)), ""h:mm "&"AM/PM""), """"), IFERROR(TEXT(FILTER(SWIMMING!F2, LEN(SWIMMING!F2)), ""h:mm AM/PM""), """"), IFERROR(TEXT(FILTER(WTEN!F2, LEN(WTEN!F2)), ""h:mm AM/PM""), """"), IFERROR(TEXT(FILTER(TF!F2, LEN(TF!F2)), ""h:mm AM/PM""), """"), IFERROR(TEXT(FILTER(WG"&"OLF!F2, LEN(WGOLF!F2)), ""h:mm AM/PM""), """"), IFERROR(TEXT(FILTER(WBB!F2, LEN(WBB!F2)), ""h:mm AM/PM""), """"), IFERROR(TEXT(FILTER(MBB!F2, LEN(MBB!F2)), ""h:mm AM/PM""), """"), IFERROR(TEXT(FILTER(WLAX!F2, LEN(WLAX!F2)), ""h:mm AM/PM""), """"), "&" IFERROR(TEXT(FILTER(MLAX!F2, LEN(MLAX!F2)), ""h:mm AM/PM""), """"), IFERROR(TEXT(FILTER(SOFT!F2, LEN(SOFT!F2)), ""h:mm AM/PM""), """"), IFERROR(TEXT(FILTER(BASE!F2, LEN(BASE!F2)), ""h:mm AM/PM""), """"), IFERROR(TEXT(FILTER(ESPORTS!F2, LEN(ESPORTS!"&"F2)), ""h:mm AM/PM""), """") ) "),"") | G2: =IFERROR(__xludf.DUMMYFUNCTION("TEXTJOIN( CHAR(10) & CHAR(10), TRUE, IFERROR(FILTER(WSO!G2, LEN(WSO!G2)), """"), IFERROR(FILTER(MSO!G2, LEN(MSO!G2)), """"), IFERROR(FILTER(FH!G2, LEN(FH!G2)), """"), IFERROR(FILTER(MGOLF!G2, LEN(MGOLF!G2)), """"), IFERROR(FILTER(Football!G2"&", LEN(Football!G2)), """"), IFERROR(FILTER(WVB!G2, LEN(WVB!G2)), """"), IFERROR(FILTER(XC!G2, LEN(XC!G2)), """"), IFERROR(FILTER(SWIMMING!G2, LEN(SWIMMING!G2)), """"), IFERROR(FILTER(WTEN!G2, LEN(WTEN!G2)), """"), IFERROR(FILTER(TF!G2, LEN(TF!G2"&")), """"), IFERROR(FILTER(WGOLF!G2:G1000, LEN(WGOLF!G2)), """"), IFERROR(FILTER(WBB!G2, LEN(WBB!G2)), """"), IFERROR(FILTER(MBB!G2, LEN(MBB!G2)), """"), IFERROR(FILTER(WLAX!G2, LEN(WLAX!G2)), """"), IFERROR(FILTER(MLAX!G2, LEN(MLAX!G2)), """"), "&" IFERROR(FILTER(SOFT!G2, LEN(SOFT!G2)), """"), IFERROR(FILTER(BASE!G2, LEN(BASE!G2)), """"), IFERROR(FILTER(ESPORTS!G2, LEN(ESPORTS!G2)), """") ) "),"") | H2: =IFERROR(__xludf.DUMMYFUNCTION("TEXTJOIN( CHAR(10) & CHAR(10), TRUE, IFERROR(FILTER(WSO!H2, LEN(WSO!H2)), """"), IFERROR(FILTER(MSO!H2, LEN(MSO!H2)), """"), IFERROR(FILTER(FH!H2, LEN(FH!H2)), """"), IFERROR(FILTER(MGOLF!H2, LEN(MGOLF!H2)), """"), IFERROR(FILTER(Football!H2"&", LEN(Football!H2)), """"), IFERROR(FILTER(WVB!H2, LEN(WVB!H2)), """"), IFERROR(FILTER(XC!H2, LEN(XC!H2)), """"), IFERROR(FILTER(SWIMMING!H2, LEN(SWIMMING!H2)), """"), IFERROR(FILTER(WTEN!H2, LEN(WTEN!H2)), """"), IFERROR(FILTER(TF!H2, LEN(TF!H2"&")), """"), IFERROR(FILTER(WGOLF!H2, LEN(WGOLF!H2)), """"), IFERROR(FILTER(WBB!H2, LEN(WBB!H2)), """"), IFERROR(FILTER(MBB!H2, LEN(MBB!H2)), """"), IFERROR(FILTER(WLAX!H2, LEN(WLAX!H2)), """"), IFERROR(FILTER(MLAX!H2, LEN(MLAX!H2)), """"), IFER"&"ROR(FILTER(SOFT!H2, LEN(SOFT!H2)), """"), IFERROR(FILTER(BASE!H2, LEN(BASE!H2)), """"), IFERROR(FILTER(ESPORTS!H2, LEN(ESPORTS!H2)), """") ) "),"") | I2: =IFERROR(__xludf.DUMMYFUNCTION("TEXTJOIN( CHAR(10) & CHAR(10), TRUE, IFERROR(ARRAYFORMULA(TEXT(FILTER(WSO!F2, LEN(WSO!F2)), ""h:mm AM/PM"")), """"), IFERROR(ARRAYFORMULA(TEXT(FILTER(MSO!F2, LEN(MSO!F2)), ""h:mm AM/PM"")), """"), IFERROR(ARRAYFORMULA(TEXT(FILTER(FH!F2, LEN(FH!F"&"2)), ""h:mm AM/PM"")), """"), IFERROR(ARRAYFORMULA(TEXT(FILTER(MGOLF!F2, LEN(MGOLF!F2)), ""h:mm AM/PM"")), """"), IFERROR(ARRAYFORMULA(TEXT(FILTER(Football!F2, LEN(Football!F2)), ""h:mm AM/PM"")), """"), IFERROR(ARRAYFORMULA(TEXT(FILTER(WVB!F2, LEN("&"WVB!F2)), ""h:mm AM/PM"")), """"), IFERROR(ARRAYFORMULA(TEXT(FILTER(XC!F2, LEN(XC!F2)), ""h:mm AM/PM"")), """"), IFERROR(ARRAYFORMULA(TEXT(FILTER(SWIMMING!F2, LEN(SWIMMING!F2)), ""h:mm AM/PM"")), """"), IFERROR(ARRAYFORMULA(TEXT(FILTER(WTEN!F2, LEN("&"WTEN!F2)), ""h:mm AM/PM"")), """"), IFERROR(ARRAYFORMULA(TEXT(FILTER(TF!F2, LEN(TF!F2)), ""h:mm AM/PM"")), """"), IFERROR(ARRAYFORMULA(TEXT(FILTER(WGOLF!F2, LEN(WGOLF!F2)), ""h:mm AM/PM"")), """"), IFERROR(ARRAYFORMULA(TEXT(FILTER(WBB!F2, LEN(WBB!F2"&")), ""h:mm AM/PM"")), """"), IFERROR(ARRAYFORMULA(TEXT(FILTER(MBB!F2, LEN(MBB!F2)), ""h:mm AM/PM"")), """"), IFERROR(ARRAYFORMULA(TEXT(FILTER(WLAX!F2, LEN(WLAX!F2)), ""h:mm AM/PM"")), """"), IFERROR(ARRAYFORMULA(TEXT(FILTER(MLAX!F2, LEN(MLAX!F2)), "&"""h:mm AM/PM"")), """"), IFERROR(ARRAYFORMULA(TEXT(FILTER(SOFT!F2, LEN(SOFT!F2)), ""h:mm AM/PM"")), """"), IFERROR(ARRAYFORMULA(TEXT(FILTER(BASE!F2, LEN(BASE!F2)), ""h:mm AM/PM"")), """"), IFERROR(ARRAYFORMULA(TEXT(FILTER(ESPORTS!F2, LEN(ESPORTS!F2)"&"), ""h:mm AM/PM"")), """") ) "),"") | J2: =IFERROR(__xludf.DUMMYFUNCTION("IFERROR( TEXTJOIN( CHAR(10) & CHAR(10), TRUE, FILTER( FLATTEN({ WSO!P2; MSO!P2; FH!P2; MGOLF!P2; Football!P2; WVB!P2; XC!P2; SWIMMING!P2; WTEN!P2; TF!P2; WGOLF!P2;"&" WBB!P2; MBB!P2; WLAX!P2; MLAX!P2; SOFT!P2; BASE!P2; ESPORTS!P2 }), (FLATTEN({ WSO!P2; MSO!P2; FH!P2; MGOLF!P2; Football!P2; WVB!P2; XC!P2; "&"SWIMMING!P2; WTEN!P2; TF!P2; WGOLF!P2; WBB!P2; MBB!P2; WLAX!P2; MLAX!P2; SOFT!P2; BASE!P2; ESPORTS!P2 }) <> """") * (FLATTEN({ WSO!P2; MSO!P2; FH!P2; "&" MGOLF!P2; Football!P2; WVB!P2; XC!P2; SWIMMING!P2; WTEN!P2; TF!P2; WGOLF!P2; WBB!P2; MBB!P2; WLAX!P2; MLAX!P2; SOFT!P2; BASE!P2; ESPORTS!P2 }) <> ""S"&"tatus"") ) ), """" ) "),"")
A3: 2 | C3: 46236 | D3: =text(C3,"dddd") -> Sunday | E3: =TEXTJOIN( CHAR(10) & CHAR(10), TRUE, IFERROR(WSO!E3, ""), IFERROR(MSO!E3, ""), IFERROR(FH!E3, ""), IFERROR(MGOLF!E3, ""), IFERROR(Football!E3, ""), IFERROR(WVB!E3, ""), IFERROR(XC!E3, ""), IFERROR(SWIMMING!E3, ""), IFERROR(WTEN!E3, ""), IFERROR(TF!E3, ""), IFERROR(WGOLF!E3, ""), IFERROR(WBB!E3, ""), IFERROR(MBB!E3, ""), IFERROR(WLAX!E3, ""), IFERROR(MLAX!E3, ""), IFERROR(SOFT!E3, ""), IFERROR(BASE!E3, ""), IFERROR(ESPORTS!E3, "") ) | F3: =IFERROR(__xludf.DUMMYFUNCTION("TEXTJOIN( CHAR(10) & CHAR(10), TRUE, IFERROR(TEXT(FILTER(WSO!F3, LEN(WSO!F3)), ""h:mm AM/PM""), """"), IFERROR(TEXT(FILTER(MSO!F3, LEN(MSO!F3)), ""h:mm AM/PM""), """"), IFERROR(TEXT(FILTER(FH!F3, LEN(FH!F3)), ""h:mm AM/PM""), """"), IFERROR(TE"&"XT(FILTER(MGOLF!F3, LEN(MGOLF!F3)), ""h:mm AM/PM""), """"), IFERROR(TEXT(FILTER(Football!F3, LEN(Football!F3)), ""h:mm AM/PM""), """"), IFERROR(TEXT(FILTER(WVB!F3, LEN(WVB!F3)), ""h:mm AM/PM""), """"), IFERROR(TEXT(FILTER(XC!F3, LEN(XC!F3)), ""h:mm "&"AM/PM""), """"), IFERROR(TEXT(FILTER(SWIMMING!F3, LEN(SWIMMING!F3)), ""h:mm AM/PM""), """"), IFERROR(TEXT(FILTER(WTEN!F3, LEN(WTEN!F3)), ""h:mm AM/PM""), """"), IFERROR(TEXT(FILTER(TF!F3, LEN(TF!F3)), ""h:mm AM/PM""), """"), IFERROR(TEXT(FILTER(WG"&"OLF!F3, LEN(WGOLF!F3)), ""h:mm AM/PM""), """"), IFERROR(TEXT(FILTER(WBB!F3, LEN(WBB!F3)), ""h:mm AM/PM""), """"), IFERROR(TEXT(FILTER(MBB!F3, LEN(MBB!F3)), ""h:mm AM/PM""), """"), IFERROR(TEXT(FILTER(WLAX!F3, LEN(WLAX!F3)), ""h:mm AM/PM""), """"), "&" IFERROR(TEXT(FILTER(MLAX!F3, LEN(MLAX!F3)), ""h:mm AM/PM""), """"), IFERROR(TEXT(FILTER(SOFT!F3, LEN(SOFT!F3)), ""h:mm AM/PM""), """"), IFERROR(TEXT(FILTER(BASE!F3, LEN(BASE!F3)), ""h:mm AM/PM""), """"), IFERROR(TEXT(FILTER(ESPORTS!F3, LEN(ESPORTS!"&"F3)), ""h:mm AM/PM""), """") ) "),"") | G3: =IFERROR(__xludf.DUMMYFUNCTION("TEXTJOIN( CHAR(10) & CHAR(10), TRUE, IFERROR(FILTER(WSO!G3, LEN(WSO!G3)), """"), IFERROR(FILTER(MSO!G3, LEN(MSO!G3)), """"), IFERROR(FILTER(FH!G3, LEN(FH!G3)), """"), IFERROR(FILTER(MGOLF!G3, LEN(MGOLF!G3)), """"), IFERROR(FILTER(Football!G3"&", LEN(Football!G3)), """"), IFERROR(FILTER(WVB!G3, LEN(WVB!G3)), """"), IFERROR(FILTER(XC!G3, LEN(XC!G3)), """"), IFERROR(FILTER(SWIMMING!G3, LEN(SWIMMING!G3)), """"), IFERROR(FILTER(WTEN!G3, LEN(WTEN!G3)), """"), IFERROR(FILTER(TF!G3, LEN(TF!G3"&")), """"), IFERROR(FILTER(WGOLF!G3:G1000, LEN(WGOLF!G3)), """"), IFERROR(FILTER(WBB!G3, LEN(WBB!G3)), """"), IFERROR(FILTER(MBB!G3, LEN(MBB!G3)), """"), IFERROR(FILTER(WLAX!G3, LEN(WLAX!G3)), """"), IFERROR(FILTER(MLAX!G3, LEN(MLAX!G3)), """"), "&" IFERROR(FILTER(SOFT!G3, LEN(SOFT!G3)), """"), IFERROR(FILTER(BASE!G3, LEN(BASE!G3)), """"), IFERROR(FILTER(ESPORTS!G3, LEN(ESPORTS!G3)), """") ) "),"") | H3: =IFERROR(__xludf.DUMMYFUNCTION("TEXTJOIN( CHAR(10) & CHAR(10), TRUE, IFERROR(FILTER(WSO!H3, LEN(WSO!H3)), """"), IFERROR(FILTER(MSO!H3, LEN(MSO!H3)), """"), IFERROR(FILTER(FH!H3, LEN(FH!H3)), """"), IFERROR(FILTER(MGOLF!H3, LEN(MGOLF!H3)), """"), IFERROR(FILTER(Football!H3"&", LEN(Football!H3)), """"), IFERROR(FILTER(WVB!H3, LEN(WVB!H3)), """"), IFERROR(FILTER(XC!H3, LEN(XC!H3)), """"), IFERROR(FILTER(SWIMMING!H3, LEN(SWIMMING!H3)), """"), IFERROR(FILTER(WTEN!H3, LEN(WTEN!H3)), """"), IFERROR(FILTER(TF!H3, LEN(TF!H3"&")), """"), IFERROR(FILTER(WGOLF!H3, LEN(WGOLF!H3)), """"), IFERROR(FILTER(WBB!H3, LEN(WBB!H3)), """"), IFERROR(FILTER(MBB!H3, LEN(MBB!H3)), """"), IFERROR(FILTER(WLAX!H3, LEN(WLAX!H3)), """"), IFERROR(FILTER(MLAX!H3, LEN(MLAX!H3)), """"), IFER"&"ROR(FILTER(SOFT!H3, LEN(SOFT!H3)), """"), IFERROR(FILTER(BASE!H3, LEN(BASE!H3)), """"), IFERROR(FILTER(ESPORTS!H3, LEN(ESPORTS!H3)), """") ) "),"") | I3: =IFERROR(__xludf.DUMMYFUNCTION("TEXTJOIN( CHAR(10) & CHAR(10), TRUE, IFERROR(ARRAYFORMULA(TEXT(FILTER(WSO!F3, LEN(WSO!F3)), ""h:mm AM/PM"")), """"), IFERROR(ARRAYFORMULA(TEXT(FILTER(MSO!F3, LEN(MSO!F3)), ""h:mm AM/PM"")), """"), IFERROR(ARRAYFORMULA(TEXT(FILTER(FH!F3, LEN(FH!F"&"3)), ""h:mm AM/PM"")), """"), IFERROR(ARRAYFORMULA(TEXT(FILTER(MGOLF!F3, LEN(MGOLF!F3)), ""h:mm AM/PM"")), """"), IFERROR(ARRAYFORMULA(TEXT(FILTER(Football!F3, LEN(Football!F3)), ""h:mm AM/PM"")), """"), IFERROR(ARRAYFORMULA(TEXT(FILTER(WVB!F3, LEN("&"WVB!F3)), ""h:mm AM/PM"")), """"), IFERROR(ARRAYFORMULA(TEXT(FILTER(XC!F3, LEN(XC!F3)), ""h:mm AM/PM"")), """"), IFERROR(ARRAYFORMULA(TEXT(FILTER(SWIMMING!F3, LEN(SWIMMING!F3)), ""h:mm AM/PM"")), """"), IFERROR(ARRAYFORMULA(TEXT(FILTER(WTEN!F3, LEN("&"WTEN!F3)), ""h:mm AM/PM"")), """"), IFERROR(ARRAYFORMULA(TEXT(FILTER(TF!F3, LEN(TF!F3)), ""h:mm AM/PM"")), """"), IFERROR(ARRAYFORMULA(TEXT(FILTER(WGOLF!F3, LEN(WGOLF!F3)), ""h:mm AM/PM"")), """"), IFERROR(ARRAYFORMULA(TEXT(FILTER(WBB!F3, LEN(WBB!F3"&")), ""h:mm AM/PM"")), """"), IFERROR(ARRAYFORMULA(TEXT(FILTER(MBB!F3, LEN(MBB!F3)), ""h:mm AM/PM"")), """"), IFERROR(ARRAYFORMULA(TEXT(FILTER(WLAX!F3, LEN(WLAX!F3)), ""h:mm AM/PM"")), """"), IFERROR(ARRAYFORMULA(TEXT(FILTER(MLAX!F3, LEN(MLAX!F3)), "&"""h:mm AM/PM"")), """"), IFERROR(ARRAYFORMULA(TEXT(FILTER(SOFT!F3, LEN(SOFT!F3)), ""h:mm AM/PM"")), """"), IFERROR(ARRAYFORMULA(TEXT(FILTER(BASE!F3, LEN(BASE!F3)), ""h:mm AM/PM"")), """"), IFERROR(ARRAYFORMULA(TEXT(FILTER(ESPORTS!F3, LEN(ESPORTS!F3)"&"), ""h:mm AM/PM"")), """") ) "),"") | J3: =IFERROR(__xludf.DUMMYFUNCTION("IFERROR( TEXTJOIN( CHAR(10) & CHAR(10), TRUE, FILTER( FLATTEN({ WSO!P3; MSO!P3; FH!P3; MGOLF!P3; Football!P3; WVB!P3; XC!P3; SWIMMING!P3; WTEN!P3; TF!P3; WGOLF!P3;"&" WBB!P3; MBB!P3; WLAX!P3; MLAX!P3; SOFT!P3; BASE!P3; ESPORTS!P3 }), (FLATTEN({ WSO!P3; MSO!P3; FH!P3; MGOLF!P3; Football!P3; WVB!P3; XC!P3; "&"SWIMMING!P3; WTEN!P3; TF!P3; WGOLF!P3; WBB!P3; MBB!P3; WLAX!P3; MLAX!P3; SOFT!P3; BASE!P3; ESPORTS!P3 }) <> """") * (FLATTEN({ WSO!P3; MSO!P3; FH!P3; "&" MGOLF!P3; Football!P3; WVB!P3; XC!P3; SWIMMING!P3; WTEN!P3; TF!P3; WGOLF!P3; WBB!P3; MBB!P3; WLAX!P3; MLAX!P3; SOFT!P3; BASE!P3; ESPORTS!P3 }) <> ""S"&"tatus"") ) ), """" ) "),"")
A4: 3 | C4: 46237 | D4: =text(C4,"dddd") -> Monday | E4: =TEXTJOIN( CHAR(10) & CHAR(10), TRUE, IFERROR(WSO!E4, ""), IFERROR(MSO!E4, ""), IFERROR(FH!E4, ""), IFERROR(MGOLF!E4, ""), IFERROR(Football!E4, ""), IFERROR(WVB!E4, ""), IFERROR(XC!E4, ""), IFERROR(SWIMMING!E4, ""), IFERROR(WTEN!E4, ""), IFERROR(TF!E4, ""), IFERROR(WGOLF!E4, ""), IFERROR(WBB!E4, ""), IFERROR(MBB!E4, ""), IFERROR(WLAX!E4, ""), IFERROR(MLAX!E4, ""), IFERROR(SOFT!E4, ""), IFERROR(BASE!E4, ""), IFERROR(ESPORTS!E4, "") ) | F4: =IFERROR(__xludf.DUMMYFUNCTION("TEXTJOIN( CHAR(10) & CHAR(10), TRUE, IFERROR(TEXT(FILTER(WSO!F4, LEN(WSO!F4)), ""h:mm AM/PM""), """"), IFERROR(TEXT(FILTER(MSO!F4, LEN(MSO!F4)), ""h:mm AM/PM""), """"), IFERROR(TEXT(FILTER(FH!F4, LEN(FH!F4)), ""h:mm AM/PM""), """"), IFERROR(TE"&"XT(FILTER(MGOLF!F4, LEN(MGOLF!F4)), ""h:mm AM/PM""), """"), IFERROR(TEXT(FILTER(Football!F4, LEN(Football!F4)), ""h:mm AM/PM""), """"), IFERROR(TEXT(FILTER(WVB!F4, LEN(WVB!F4)), ""h:mm AM/PM""), """"), IFERROR(TEXT(FILTER(XC!F4, LEN(XC!F4)), ""h:mm "&"AM/PM""), """"), IFERROR(TEXT(FILTER(SWIMMING!F4, LEN(SWIMMING!F4)), ""h:mm AM/PM""), """"), IFERROR(TEXT(FILTER(WTEN!F4, LEN(WTEN!F4)), ""h:mm AM/PM""), """"), IFERROR(TEXT(FILTER(TF!F4, LEN(TF!F4)), ""h:mm AM/PM""), """"), IFERROR(TEXT(FILTER(WG"&"OLF!F4, LEN(WGOLF!F4)), ""h:mm AM/PM""), """"), IFERROR(TEXT(FILTER(WBB!F4, LEN(WBB!F4)), ""h:mm AM/PM""), """"), IFERROR(TEXT(FILTER(MBB!F4, LEN(MBB!F4)), ""h:mm AM/PM""), """"), IFERROR(TEXT(FILTER(WLAX!F4, LEN(WLAX!F4)), ""h:mm AM/PM""), """"), "&" IFERROR(TEXT(FILTER(MLAX!F4, LEN(MLAX!F4)), ""h:mm AM/PM""), """"), IFERROR(TEXT(FILTER(SOFT!F4, LEN(SOFT!F4)), ""h:mm AM/PM""), """"), IFERROR(TEXT(FILTER(BASE!F4, LEN(BASE!F4)), ""h:mm AM/PM""), """"), IFERROR(TEXT(FILTER(ESPORTS!F4, LEN(ESPORTS!"&"F4)), ""h:mm AM/PM""), """") ) "),"") | G4: =IFERROR(__xludf.DUMMYFUNCTION("TEXTJOIN( CHAR(10) & CHAR(10), TRUE, IFERROR(FILTER(WSO!G4, LEN(WSO!G4)), """"), IFERROR(FILTER(MSO!G4, LEN(MSO!G4)), """"), IFERROR(FILTER(FH!G4, LEN(FH!G4)), """"), IFERROR(FILTER(MGOLF!G4, LEN(MGOLF!G4)), """"), IFERROR(FILTER(Football!G4"&", LEN(Football!G4)), """"), IFERROR(FILTER(WVB!G4, LEN(WVB!G4)), """"), IFERROR(FILTER(XC!G4, LEN(XC!G4)), """"), IFERROR(FILTER(SWIMMING!G4, LEN(SWIMMING!G4)), """"), IFERROR(FILTER(WTEN!G4, LEN(WTEN!G4)), """"), IFERROR(FILTER(TF!G4, LEN(TF!G4"&")), """"), IFERROR(FILTER(WGOLF!G4:G1000, LEN(WGOLF!G4)), """"), IFERROR(FILTER(WBB!G4, LEN(WBB!G4)), """"), IFERROR(FILTER(MBB!G4, LEN(MBB!G4)), """"), IFERROR(FILTER(WLAX!G4, LEN(WLAX!G4)), """"), IFERROR(FILTER(MLAX!G4, LEN(MLAX!G4)), """"), "&" IFERROR(FILTER(SOFT!G4, LEN(SOFT!G4)), """"), IFERROR(FILTER(BASE!G4, LEN(BASE!G4)), """"), IFERROR(FILTER(ESPORTS!G4, LEN(ESPORTS!G4)), """") ) "),"") | H4: =IFERROR(__xludf.DUMMYFUNCTION("TEXTJOIN( CHAR(10) & CHAR(10), TRUE, IFERROR(FILTER(WSO!H4, LEN(WSO!H4)), """"), IFERROR(FILTER(MSO!H4, LEN(MSO!H4)), """"), IFERROR(FILTER(FH!H4, LEN(FH!H4)), """"), IFERROR(FILTER(MGOLF!H4, LEN(MGOLF!H4)), """"), IFERROR(FILTER(Football!H4"&", LEN(Football!H4)), """"), IFERROR(FILTER(WVB!H4, LEN(WVB!H4)), """"), IFERROR(FILTER(XC!H4, LEN(XC!H4)), """"), IFERROR(FILTER(SWIMMING!H4, LEN(SWIMMING!H4)), """"), IFERROR(FILTER(WTEN!H4, LEN(WTEN!H4)), """"), IFERROR(FILTER(TF!H4, LEN(TF!H4"&")), """"), IFERROR(FILTER(WGOLF!H4, LEN(WGOLF!H4)), """"), IFERROR(FILTER(WBB!H4, LEN(WBB!H4)), """"), IFERROR(FILTER(MBB!H4, LEN(MBB!H4)), """"), IFERROR(FILTER(WLAX!H4, LEN(WLAX!H4)), """"), IFERROR(FILTER(MLAX!H4, LEN(MLAX!H4)), """"), IFER"&"ROR(FILTER(SOFT!H4, LEN(SOFT!H4)), """"), IFERROR(FILTER(BASE!H4, LEN(BASE!H4)), """"), IFERROR(FILTER(ESPORTS!H4, LEN(ESPORTS!H4)), """") ) "),"") | I4: =IFERROR(__xludf.DUMMYFUNCTION("TEXTJOIN( CHAR(10) & CHAR(10), TRUE, IFERROR(ARRAYFORMULA(TEXT(FILTER(WSO!F4, LEN(WSO!F4)), ""h:mm AM/PM"")), """"), IFERROR(ARRAYFORMULA(TEXT(FILTER(MSO!F4, LEN(MSO!F4)), ""h:mm AM/PM"")), """"), IFERROR(ARRAYFORMULA(TEXT(FILTER(FH!F4, LEN(FH!F"&"4)), ""h:mm AM/PM"")), """"), IFERROR(ARRAYFORMULA(TEXT(FILTER(MGOLF!F4, LEN(MGOLF!F4)), ""h:mm AM/PM"")), """"), IFERROR(ARRAYFORMULA(TEXT(FILTER(Football!F4, LEN(Football!F4)), ""h:mm AM/PM"")), """"), IFERROR(ARRAYFORMULA(TEXT(FILTER(WVB!F4, LEN("&"WVB!F4)), ""h:mm AM/PM"")), """"), IFERROR(ARRAYFORMULA(TEXT(FILTER(XC!F4, LEN(XC!F4)), ""h:mm AM/PM"")), """"), IFERROR(ARRAYFORMULA(TEXT(FILTER(SWIMMING!F4, LEN(SWIMMING!F4)), ""h:mm AM/PM"")), """"), IFERROR(ARRAYFORMULA(TEXT(FILTER(WTEN!F4, LEN("&"WTEN!F4)), ""h:mm AM/PM"")), """"), IFERROR(ARRAYFORMULA(TEXT(FILTER(TF!F4, LEN(TF!F4)), ""h:mm AM/PM"")), """"), IFERROR(ARRAYFORMULA(TEXT(FILTER(WGOLF!F4, LEN(WGOLF!F4)), ""h:mm AM/PM"")), """"), IFERROR(ARRAYFORMULA(TEXT(FILTER(WBB!F4, LEN(WBB!F4"&")), ""h:mm AM/PM"")), """"), IFERROR(ARRAYFORMULA(TEXT(FILTER(MBB!F4, LEN(MBB!F4)), ""h:mm AM/PM"")), """"), IFERROR(ARRAYFORMULA(TEXT(FILTER(WLAX!F4, LEN(WLAX!F4)), ""h:mm AM/PM"")), """"), IFERROR(ARRAYFORMULA(TEXT(FILTER(MLAX!F4, LEN(MLAX!F4)), "&"""h:mm AM/PM"")), """"), IFERROR(ARRAYFORMULA(TEXT(FILTER(SOFT!F4, LEN(SOFT!F4)), ""h:mm AM/PM"")), """"), IFERROR(ARRAYFORMULA(TEXT(FILTER(BASE!F4, LEN(BASE!F4)), ""h:mm AM/PM"")), """"), IFERROR(ARRAYFORMULA(TEXT(FILTER(ESPORTS!F4, LEN(ESPORTS!F4)"&"), ""h:mm AM/PM"")), """") ) "),"") | J4: =IFERROR(__xludf.DUMMYFUNCTION("IFERROR( TEXTJOIN( CHAR(10) & CHAR(10), TRUE, FILTER( FLATTEN({ WSO!P4; MSO!P4; FH!P4; MGOLF!P4; Football!P4; WVB!P4; XC!P4; SWIMMING!P4; WTEN!P4; TF!P4; WGOLF!P4;"&" WBB!P4; MBB!P4; WLAX!P4; MLAX!P4; SOFT!P4; BASE!P4; ESPORTS!P4 }), (FLATTEN({ WSO!P4; MSO!P4; FH!P4; MGOLF!P4; Football!P4; WVB!P4; XC!P4; "&"SWIMMING!P4; WTEN!P4; TF!P4; WGOLF!P4; WBB!P4; MBB!P4; WLAX!P4; MLAX!P4; SOFT!P4; BASE!P4; ESPORTS!P4 }) <> """") * (FLATTEN({ WSO!P4; MSO!P4; FH!P4; "&" MGOLF!P4; Football!P4; WVB!P4; XC!P4; SWIMMING!P4; WTEN!P4; TF!P4; WGOLF!P4; WBB!P4; MBB!P4; WLAX!P4; MLAX!P4; SOFT!P4; BASE!P4; ESPORTS!P4 }) <> ""S"&"tatus"") ) ), """" ) "),"")
A5: 4 | C5: 46238 | D5: =text(C5,"dddd") -> Tuesday | E5: =TEXTJOIN( CHAR(10) & CHAR(10), TRUE, IFERROR(WSO!E5, ""), IFERROR(MSO!E5, ""), IFERROR(FH!E5, ""), IFERROR(MGOLF!E5, ""), IFERROR(Football!E5, ""), IFERROR(WVB!E5, ""), IFERROR(XC!E5, ""), IFERROR(SWIMMING!E5, ""), IFERROR(WTEN!E5, ""), IFERROR(TF!E5, ""), IFERROR(WGOLF!E5, ""), IFERROR(WBB!E5, ""), IFERROR(MBB!E5, ""), IFERROR(WLAX!E5, ""), IFERROR(MLAX!E5, ""), IFERROR(SOFT!E5, ""), IFERROR(BASE!E5, ""), IFERROR(ESPORTS!E5, "") ) | F5: =IFERROR(__xludf.DUMMYFUNCTION("TEXTJOIN( CHAR(10) & CHAR(10), TRUE, IFERROR(TEXT(FILTER(WSO!F5, LEN(WSO!F5)), ""h:mm AM/PM""), """"), IFERROR(TEXT(FILTER(MSO!F5, LEN(MSO!F5)), ""h:mm AM/PM""), """"), IFERROR(TEXT(FILTER(FH!F5, LEN(FH!F5)), ""h:mm AM/PM""), """"), IFERROR(TE"&"XT(FILTER(MGOLF!F5, LEN(MGOLF!F5)), ""h:mm AM/PM""), """"), IFERROR(TEXT(FILTER(Football!F5, LEN(Football!F5)), ""h:mm AM/PM""), """"), IFERROR(TEXT(FILTER(WVB!F5, LEN(WVB!F5)), ""h:mm AM/PM""), """"), IFERROR(TEXT(FILTER(XC!F5, LEN(XC!F5)), ""h:mm "&"AM/PM""), """"), IFERROR(TEXT(FILTER(SWIMMING!F5, LEN(SWIMMING!F5)), ""h:mm AM/PM""), """"), IFERROR(TEXT(FILTER(WTEN!F5, LEN(WTEN!F5)), ""h:mm AM/PM""), """"), IFERROR(TEXT(FILTER(TF!F5, LEN(TF!F5)), ""h:mm AM/PM""), """"), IFERROR(TEXT(FILTER(WG"&"OLF!F5, LEN(WGOLF!F5)), ""h:mm AM/PM""), """"), IFERROR(TEXT(FILTER(WBB!F5, LEN(WBB!F5)), ""h:mm AM/PM""), """"), IFERROR(TEXT(FILTER(MBB!F5, LEN(MBB!F5)), ""h:mm AM/PM""), """"), IFERROR(TEXT(FILTER(WLAX!F5, LEN(WLAX!F5)), ""h:mm AM/PM""), """"), "&" IFERROR(TEXT(FILTER(MLAX!F5, LEN(MLAX!F5)), ""h:mm AM/PM""), """"), IFERROR(TEXT(FILTER(SOFT!F5, LEN(SOFT!F5)), ""h:mm AM/PM""), """"), IFERROR(TEXT(FILTER(BASE!F5, LEN(BASE!F5)), ""h:mm AM/PM""), """"), IFERROR(TEXT(FILTER(ESPORTS!F5, LEN(ESPORTS!"&"F5)), ""h:mm AM/PM""), """") ) "),"") | G5: =IFERROR(__xludf.DUMMYFUNCTION("TEXTJOIN( CHAR(10) & CHAR(10), TRUE, IFERROR(FILTER(WSO!G5, LEN(WSO!G5)), """"), IFERROR(FILTER(MSO!G5, LEN(MSO!G5)), """"), IFERROR(FILTER(FH!G5, LEN(FH!G5)), """"), IFERROR(FILTER(MGOLF!G5, LEN(MGOLF!G5)), """"), IFERROR(FILTER(Football!G5"&", LEN(Football!G5)), """"), IFERROR(FILTER(WVB!G5, LEN(WVB!G5)), """"), IFERROR(FILTER(XC!G5, LEN(XC!G5)), """"), IFERROR(FILTER(SWIMMING!G5, LEN(SWIMMING!G5)), """"), IFERROR(FILTER(WTEN!G5, LEN(WTEN!G5)), """"), IFERROR(FILTER(TF!G5, LEN(TF!G5"&")), """"), IFERROR(FILTER(WGOLF!G5:G1000, LEN(WGOLF!G5)), """"), IFERROR(FILTER(WBB!G5, LEN(WBB!G5)), """"), IFERROR(FILTER(MBB!G5, LEN(MBB!G5)), """"), IFERROR(FILTER(WLAX!G5, LEN(WLAX!G5)), """"), IFERROR(FILTER(MLAX!G5, LEN(MLAX!G5)), """"), "&" IFERROR(FILTER(SOFT!G5, LEN(SOFT!G5)), """"), IFERROR(FILTER(BASE!G5, LEN(BASE!G5)), """"), IFERROR(FILTER(ESPORTS!G5, LEN(ESPORTS!G5)), """") ) "),"") | H5: =IFERROR(__xludf.DUMMYFUNCTION("TEXTJOIN( CHAR(10) & CHAR(10), TRUE, IFERROR(FILTER(WSO!H5, LEN(WSO!H5)), """"), IFERROR(FILTER(MSO!H5, LEN(MSO!H5)), """"), IFERROR(FILTER(FH!H5, LEN(FH!H5)), """"), IFERROR(FILTER(MGOLF!H5, LEN(MGOLF!H5)), """"), IFERROR(FILTER(Football!H5"&", LEN(Football!H5)), """"), IFERROR(FILTER(WVB!H5, LEN(WVB!H5)), """"), IFERROR(FILTER(XC!H5, LEN(XC!H5)), """"), IFERROR(FILTER(SWIMMING!H5, LEN(SWIMMING!H5)), """"), IFERROR(FILTER(WTEN!H5, LEN(WTEN!H5)), """"), IFERROR(FILTER(TF!H5, LEN(TF!H5"&")), """"), IFERROR(FILTER(WGOLF!H5, LEN(WGOLF!H5)), """"), IFERROR(FILTER(WBB!H5, LEN(WBB!H5)), """"), IFERROR(FILTER(MBB!H5, LEN(MBB!H5)), """"), IFERROR(FILTER(WLAX!H5, LEN(WLAX!H5)), """"), IFERROR(FILTER(MLAX!H5, LEN(MLAX!H5)), """"), IFER"&"ROR(FILTER(SOFT!H5, LEN(SOFT!H5)), """"), IFERROR(FILTER(BASE!H5, LEN(BASE!H5)), """"), IFERROR(FILTER(ESPORTS!H5, LEN(ESPORTS!H5)), """") ) "),"") | I5: =IFERROR(__xludf.DUMMYFUNCTION("TEXTJOIN( CHAR(10) & CHAR(10), TRUE, IFERROR(ARRAYFORMULA(TEXT(FILTER(WSO!F5, LEN(WSO!F5)), ""h:mm AM/PM"")), """"), IFERROR(ARRAYFORMULA(TEXT(FILTER(MSO!F5, LEN(MSO!F5)), ""h:mm AM/PM"")), """"), IFERROR(ARRAYFORMULA(TEXT(FILTER(FH!F5, LEN(FH!F"&"5)), ""h:mm AM/PM"")), """"), IFERROR(ARRAYFORMULA(TEXT(FILTER(MGOLF!F5, LEN(MGOLF!F5)), ""h:mm AM/PM"")), """"), IFERROR(ARRAYFORMULA(TEXT(FILTER(Football!F5, LEN(Football!F5)), ""h:mm AM/PM"")), """"), IFERROR(ARRAYFORMULA(TEXT(FILTER(WVB!F5, LEN("&"WVB!F5)), ""h:mm AM/PM"")), """"), IFERROR(ARRAYFORMULA(TEXT(FILTER(XC!F5, LEN(XC!F5)), ""h:mm AM/PM"")), """"), IFERROR(ARRAYFORMULA(TEXT(FILTER(SWIMMING!F5, LEN(SWIMMING!F5)), ""h:mm AM/PM"")), """"), IFERROR(ARRAYFORMULA(TEXT(FILTER(WTEN!F5, LEN("&"WTEN!F5)), ""h:mm AM/PM"")), """"), IFERROR(ARRAYFORMULA(TEXT(FILTER(TF!F5, LEN(TF!F5)), ""h:mm AM/PM"")), """"), IFERROR(ARRAYFORMULA(TEXT(FILTER(WGOLF!F5, LEN(WGOLF!F5)), ""h:mm AM/PM"")), """"), IFERROR(ARRAYFORMULA(TEXT(FILTER(WBB!F5, LEN(WBB!F5"&")), ""h:mm AM/PM"")), """"), IFERROR(ARRAYFORMULA(TEXT(FILTER(MBB!F5, LEN(MBB!F5)), ""h:mm AM/PM"")), """"), IFERROR(ARRAYFORMULA(TEXT(FILTER(WLAX!F5, LEN(WLAX!F5)), ""h:mm AM/PM"")), """"), IFERROR(ARRAYFORMULA(TEXT(FILTER(MLAX!F5, LEN(MLAX!F5)), "&"""h:mm AM/PM"")), """"), IFERROR(ARRAYFORMULA(TEXT(FILTER(SOFT!F5, LEN(SOFT!F5)), ""h:mm AM/PM"")), """"), IFERROR(ARRAYFORMULA(TEXT(FILTER(BASE!F5, LEN(BASE!F5)), ""h:mm AM/PM"")), """"), IFERROR(ARRAYFORMULA(TEXT(FILTER(ESPORTS!F5, LEN(ESPORTS!F5)"&"), ""h:mm AM/PM"")), """") ) "),"") | J5: =IFERROR(__xludf.DUMMYFUNCTION("IFERROR( TEXTJOIN( CHAR(10) & CHAR(10), TRUE, FILTER( FLATTEN({ WSO!P5; MSO!P5; FH!P5; MGOLF!P5; Football!P5; WVB!P5; XC!P5; SWIMMING!P5; WTEN!P5; TF!P5; WGOLF!P5;"&" WBB!P5; MBB!P5; WLAX!P5; MLAX!P5; SOFT!P5; BASE!P5; ESPORTS!P5 }), (FLATTEN({ WSO!P5; MSO!P5; FH!P5; MGOLF!P5; Football!P5; WVB!P5; XC!P5; "&"SWIMMING!P5; WTEN!P5; TF!P5; WGOLF!P5; WBB!P5; MBB!P5; WLAX!P5; MLAX!P5; SOFT!P5; BASE!P5; ESPORTS!P5 }) <> """") * (FLATTEN({ WSO!P5; MSO!P5; FH!P5; "&" MGOLF!P5; Football!P5; WVB!P5; XC!P5; SWIMMING!P5; WTEN!P5; TF!P5; WGOLF!P5; WBB!P5; MBB!P5; WLAX!P5; MLAX!P5; SOFT!P5; BASE!P5; ESPORTS!P5 }) <> ""S"&"tatus"") ) ), """" ) "),"")
A6: 5 | C6: 46239 | D6: =text(C6,"dddd") -> Wednesday | E6: =TEXTJOIN( CHAR(10) & CHAR(10), TRUE, IFERROR(WSO!E6, ""), IFERROR(MSO!E6, ""), IFERROR(FH!E6, ""), IFERROR(MGOLF!E6, ""), IFERROR(Football!E6, ""), IFERROR(WVB!E6, ""), IFERROR(XC!E6, ""), IFERROR(SWIMMING!E6, ""), IFERROR(WTEN!E6, ""), IFERROR(TF!E6, ""), IFERROR(WGOLF!E6, ""), IFERROR(WBB!E6, ""), IFERROR(MBB!E6, ""), IFERROR(WLAX!E6, ""), IFERROR(MLAX!E6, ""), IFERROR(SOFT!E6, ""), IFERROR(BASE!E6, ""), IFERROR(ESPORTS!E6, "") ) | F6: =IFERROR(__xludf.DUMMYFUNCTION("TEXTJOIN( CHAR(10) & CHAR(10), TRUE, IFERROR(TEXT(FILTER(WSO!F6, LEN(WSO!F6)), ""h:mm AM/PM""), """"), IFERROR(TEXT(FILTER(MSO!F6, LEN(MSO!F6)), ""h:mm AM/PM""), """"), IFERROR(TEXT(FILTER(FH!F6, LEN(FH!F6)), ""h:mm AM/PM""), """"), IFERROR(TE"&"XT(FILTER(MGOLF!F6, LEN(MGOLF!F6)), ""h:mm AM/PM""), """"), IFERROR(TEXT(FILTER(Football!F6, LEN(Football!F6)), ""h:mm AM/PM""), """"), IFERROR(TEXT(FILTER(WVB!F6, LEN(WVB!F6)), ""h:mm AM/PM""), """"), IFERROR(TEXT(FILTER(XC!F6, LEN(XC!F6)), ""h:mm "&"AM/PM""), """"), IFERROR(TEXT(FILTER(SWIMMING!F6, LEN(SWIMMING!F6)), ""h:mm AM/PM""), """"), IFERROR(TEXT(FILTER(WTEN!F6, LEN(WTEN!F6)), ""h:mm AM/PM""), """"), IFERROR(TEXT(FILTER(TF!F6, LEN(TF!F6)), ""h:mm AM/PM""), """"), IFERROR(TEXT(FILTER(WG"&"OLF!F6, LEN(WGOLF!F6)), ""h:mm AM/PM""), """"), IFERROR(TEXT(FILTER(WBB!F6, LEN(WBB!F6)), ""h:mm AM/PM""), """"), IFERROR(TEXT(FILTER(MBB!F6, LEN(MBB!F6)), ""h:mm AM/PM""), """"), IFERROR(TEXT(FILTER(WLAX!F6, LEN(WLAX!F6)), ""h:mm AM/PM""), """"), "&" IFERROR(TEXT(FILTER(MLAX!F6, LEN(MLAX!F6)), ""h:mm AM/PM""), """"), IFERROR(TEXT(FILTER(SOFT!F6, LEN(SOFT!F6)), ""h:mm AM/PM""), """"), IFERROR(TEXT(FILTER(BASE!F6, LEN(BASE!F6)), ""h:mm AM/PM""), """"), IFERROR(TEXT(FILTER(ESPORTS!F6, LEN(ESPORTS!"&"F6)), ""h:mm AM/PM""), """") ) "),"") | G6: =IFERROR(__xludf.DUMMYFUNCTION("TEXTJOIN( CHAR(10) & CHAR(10), TRUE, IFERROR(FILTER(WSO!G6, LEN(WSO!G6)), """"), IFERROR(FILTER(MSO!G6, LEN(MSO!G6)), """"), IFERROR(FILTER(FH!G6, LEN(FH!G6)), """"), IFERROR(FILTER(MGOLF!G6, LEN(MGOLF!G6)), """"), IFERROR(FILTER(Football!G6"&", LEN(Football!G6)), """"), IFERROR(FILTER(WVB!G6, LEN(WVB!G6)), """"), IFERROR(FILTER(XC!G6, LEN(XC!G6)), """"), IFERROR(FILTER(SWIMMING!G6, LEN(SWIMMING!G6)), """"), IFERROR(FILTER(WTEN!G6, LEN(WTEN!G6)), """"), IFERROR(FILTER(TF!G6, LEN(TF!G6"&")), """"), IFERROR(FILTER(WGOLF!G6:G1000, LEN(WGOLF!G6)), """"), IFERROR(FILTER(WBB!G6, LEN(WBB!G6)), """"), IFERROR(FILTER(MBB!G6, LEN(MBB!G6)), """"), IFERROR(FILTER(WLAX!G6, LEN(WLAX!G6)), """"), IFERROR(FILTER(MLAX!G6, LEN(MLAX!G6)), """"), "&" IFERROR(FILTER(SOFT!G6, LEN(SOFT!G6)), """"), IFERROR(FILTER(BASE!G6, LEN(BASE!G6)), """"), IFERROR(FILTER(ESPORTS!G6, LEN(ESPORTS!G6)), """") ) "),"") | H6: =IFERROR(__xludf.DUMMYFUNCTION("TEXTJOIN( CHAR(10) & CHAR(10), TRUE, IFERROR(FILTER(WSO!H6, LEN(WSO!H6)), """"), IFERROR(FILTER(MSO!H6, LEN(MSO!H6)), """"), IFERROR(FILTER(FH!H6, LEN(FH!H6)), """"), IFERROR(FILTER(MGOLF!H6, LEN(MGOLF!H6)), """"), IFERROR(FILTER(Football!H6"&", LEN(Football!H6)), """"), IFERROR(FILTER(WVB!H6, LEN(WVB!H6)), """"), IFERROR(FILTER(XC!H6, LEN(XC!H6)), """"), IFERROR(FILTER(SWIMMING!H6, LEN(SWIMMING!H6)), """"), IFERROR(FILTER(WTEN!H6, LEN(WTEN!H6)), """"), IFERROR(FILTER(TF!H6, LEN(TF!H6"&")), """"), IFERROR(FILTER(WGOLF!H6, LEN(WGOLF!H6)), """"), IFERROR(FILTER(WBB!H6, LEN(WBB!H6)), """"), IFERROR(FILTER(MBB!H6, LEN(MBB!H6)), """"), IFERROR(FILTER(WLAX!H6, LEN(WLAX!H6)), """"), IFERROR(FILTER(MLAX!H6, LEN(MLAX!H6)), """"), IFER"&"ROR(FILTER(SOFT!H6, LEN(SOFT!H6)), """"), IFERROR(FILTER(BASE!H6, LEN(BASE!H6)), """"), IFERROR(FILTER(ESPORTS!H6, LEN(ESPORTS!H6)), """") ) "),"") | I6: =IFERROR(__xludf.DUMMYFUNCTION("TEXTJOIN( CHAR(10) & CHAR(10), TRUE, IFERROR(ARRAYFORMULA(TEXT(FILTER(WSO!F6, LEN(WSO!F6)), ""h:mm AM/PM"")), """"), IFERROR(ARRAYFORMULA(TEXT(FILTER(MSO!F6, LEN(MSO!F6)), ""h:mm AM/PM"")), """"), IFERROR(ARRAYFORMULA(TEXT(FILTER(FH!F6, LEN(FH!F"&"6)), ""h:mm AM/PM"")), """"), IFERROR(ARRAYFORMULA(TEXT(FILTER(MGOLF!F6, LEN(MGOLF!F6)), ""h:mm AM/PM"")), """"), IFERROR(ARRAYFORMULA(TEXT(FILTER(Football!F6, LEN(Football!F6)), ""h:mm AM/PM"")), """"), IFERROR(ARRAYFORMULA(TEXT(FILTER(WVB!F6, LEN("&"WVB!F6)), ""h:mm AM/PM"")), """"), IFERROR(ARRAYFORMULA(TEXT(FILTER(XC!F6, LEN(XC!F6)), ""h:mm AM/PM"")), """"), IFERROR(ARRAYFORMULA(TEXT(FILTER(SWIMMING!F6, LEN(SWIMMING!F6)), ""h:mm AM/PM"")), """"), IFERROR(ARRAYFORMULA(TEXT(FILTER(WTEN!F6, LEN("&"WTEN!F6)), ""h:mm AM/PM"")), """"), IFERROR(ARRAYFORMULA(TEXT(FILTER(TF!F6, LEN(TF!F6)), ""h:mm AM/PM"")), """"), IFERROR(ARRAYFORMULA(TEXT(FILTER(WGOLF!F6, LEN(WGOLF!F6)), ""h:mm AM/PM"")), """"), IFERROR(ARRAYFORMULA(TEXT(FILTER(WBB!F6, LEN(WBB!F6"&")), ""h:mm AM/PM"")), """"), IFERROR(ARRAYFORMULA(TEXT(FILTER(MBB!F6, LEN(MBB!F6)), ""h:mm AM/PM"")), """"), IFERROR(ARRAYFORMULA(TEXT(FILTER(WLAX!F6, LEN(WLAX!F6)), ""h:mm AM/PM"")), """"), IFERROR(ARRAYFORMULA(TEXT(FILTER(MLAX!F6, LEN(MLAX!F6)), "&"""h:mm AM/PM"")), """"), IFERROR(ARRAYFORMULA(TEXT(FILTER(SOFT!F6, LEN(SOFT!F6)), ""h:mm AM/PM"")), """"), IFERROR(ARRAYFORMULA(TEXT(FILTER(BASE!F6, LEN(BASE!F6)), ""h:mm AM/PM"")), """"), IFERROR(ARRAYFORMULA(TEXT(FILTER(ESPORTS!F6, LEN(ESPORTS!F6)"&"), ""h:mm AM/PM"")), """") ) "),"") | J6: =IFERROR(__xludf.DUMMYFUNCTION("IFERROR( TEXTJOIN( CHAR(10) & CHAR(10), TRUE, FILTER( FLATTEN({ WSO!P6; MSO!P6; FH!P6; MGOLF!P6; Football!P6; WVB!P6; XC!P6; SWIMMING!P6; WTEN!P6; TF!P6; WGOLF!P6;"&" WBB!P6; MBB!P6; WLAX!P6; MLAX!P6; SOFT!P6; BASE!P6; ESPORTS!P6 }), (FLATTEN({ WSO!P6; MSO!P6; FH!P6; MGOLF!P6; Football!P6; WVB!P6; XC!P6; "&"SWIMMING!P6; WTEN!P6; TF!P6; WGOLF!P6; WBB!P6; MBB!P6; WLAX!P6; MLAX!P6; SOFT!P6; BASE!P6; ESPORTS!P6 }) <> """") * (FLATTEN({ WSO!P6; MSO!P6; FH!P6; "&" MGOLF!P6; Football!P6; WVB!P6; XC!P6; SWIMMING!P6; WTEN!P6; TF!P6; WGOLF!P6; WBB!P6; MBB!P6; WLAX!P6; MLAX!P6; SOFT!P6; BASE!P6; ESPORTS!P6 }) <> ""S"&"tatus"") ) ), """" ) "),"")
A7: 6 | C7: 46240 | D7: =text(C7,"dddd") -> Thursday | E7: =TEXTJOIN( CHAR(10) & CHAR(10), TRUE, IFERROR(WSO!E7, ""), IFERROR(MSO!E7, ""), IFERROR(FH!E7, ""), IFERROR(MGOLF!E7, ""), IFERROR(Football!E7, ""), IFERROR(WVB!E7, ""), IFERROR(XC!E7, ""), IFERROR(SWIMMING!E7, ""), IFERROR(WTEN!E7, ""), IFERROR(TF!E7, ""), IFERROR(WGOLF!E7, ""), IFERROR(WBB!E7, ""), IFERROR(MBB!E7, ""), IFERROR(WLAX!E7, ""), IFERROR(MLAX!E7, ""), IFERROR(SOFT!E7, ""), IFERROR(BASE!E7, ""), IFERROR(ESPORTS!E7, "") ) | F7: =IFERROR(__xludf.DUMMYFUNCTION("TEXTJOIN( CHAR(10) & CHAR(10), TRUE, IFERROR(TEXT(FILTER(WSO!F7, LEN(WSO!F7)), ""h:mm AM/PM""), """"), IFERROR(TEXT(FILTER(MSO!F7, LEN(MSO!F7)), ""h:mm AM/PM""), """"), IFERROR(TEXT(FILTER(FH!F7, LEN(FH!F7)), ""h:mm AM/PM""), """"), IFERROR(TE"&"XT(FILTER(MGOLF!F7, LEN(MGOLF!F7)), ""h:mm AM/PM""), """"), IFERROR(TEXT(FILTER(Football!F7, LEN(Football!F7)), ""h:mm AM/PM""), """"), IFERROR(TEXT(FILTER(WVB!F7, LEN(WVB!F7)), ""h:mm AM/PM""), """"), IFERROR(TEXT(FILTER(XC!F7, LEN(XC!F7)), ""h:mm "&"AM/PM""), """"), IFERROR(TEXT(FILTER(SWIMMING!F7, LEN(SWIMMING!F7)), ""h:mm AM/PM""), """"), IFERROR(TEXT(FILTER(WTEN!F7, LEN(WTEN!F7)), ""h:mm AM/PM""), """"), IFERROR(TEXT(FILTER(TF!F7, LEN(TF!F7)), ""h:mm AM/PM""), """"), IFERROR(TEXT(FILTER(WG"&"OLF!F7, LEN(WGOLF!F7)), ""h:mm AM/PM""), """"), IFERROR(TEXT(FILTER(WBB!F7, LEN(WBB!F7)), ""h:mm AM/PM""), """"), IFERROR(TEXT(FILTER(MBB!F7, LEN(MBB!F7)), ""h:mm AM/PM""), """"), IFERROR(TEXT(FILTER(WLAX!F7, LEN(WLAX!F7)), ""h:mm AM/PM""), """"), "&" IFERROR(TEXT(FILTER(MLAX!F7, LEN(MLAX!F7)), ""h:mm AM/PM""), """"), IFERROR(TEXT(FILTER(SOFT!F7, LEN(SOFT!F7)), ""h:mm AM/PM""), """"), IFERROR(TEXT(FILTER(BASE!F7, LEN(BASE!F7)), ""h:mm AM/PM""), """"), IFERROR(TEXT(FILTER(ESPORTS!F7, LEN(ESPORTS!"&"F7)), ""h:mm AM/PM""), """") ) "),"") | G7: =IFERROR(__xludf.DUMMYFUNCTION("TEXTJOIN( CHAR(10) & CHAR(10), TRUE, IFERROR(FILTER(WSO!G7, LEN(WSO!G7)), """"), IFERROR(FILTER(MSO!G7, LEN(MSO!G7)), """"), IFERROR(FILTER(FH!G7, LEN(FH!G7)), """"), IFERROR(FILTER(MGOLF!G7, LEN(MGOLF!G7)), """"), IFERROR(FILTER(Football!G7"&", LEN(Football!G7)), """"), IFERROR(FILTER(WVB!G7, LEN(WVB!G7)), """"), IFERROR(FILTER(XC!G7, LEN(XC!G7)), """"), IFERROR(FILTER(SWIMMING!G7, LEN(SWIMMING!G7)), """"), IFERROR(FILTER(WTEN!G7, LEN(WTEN!G7)), """"), IFERROR(FILTER(TF!G7, LEN(TF!G7"&")), """"), IFERROR(FILTER(WGOLF!G7:G1000, LEN(WGOLF!G7)), """"), IFERROR(FILTER(WBB!G7, LEN(WBB!G7)), """"), IFERROR(FILTER(MBB!G7, LEN(MBB!G7)), """"), IFERROR(FILTER(WLAX!G7, LEN(WLAX!G7)), """"), IFERROR(FILTER(MLAX!G7, LEN(MLAX!G7)), """"), "&" IFERROR(FILTER(SOFT!G7, LEN(SOFT!G7)), """"), IFERROR(FILTER(BASE!G7, LEN(BASE!G7)), """"), IFERROR(FILTER(ESPORTS!G7, LEN(ESPORTS!G7)), """") ) "),"") | H7: =IFERROR(__xludf.DUMMYFUNCTION("TEXTJOIN( CHAR(10) & CHAR(10), TRUE, IFERROR(FILTER(WSO!H7, LEN(WSO!H7)), """"), IFERROR(FILTER(MSO!H7, LEN(MSO!H7)), """"), IFERROR(FILTER(FH!H7, LEN(FH!H7)), """"), IFERROR(FILTER(MGOLF!H7, LEN(MGOLF!H7)), """"), IFERROR(FILTER(Football!H7"&", LEN(Football!H7)), """"), IFERROR(FILTER(WVB!H7, LEN(WVB!H7)), """"), IFERROR(FILTER(XC!H7, LEN(XC!H7)), """"), IFERROR(FILTER(SWIMMING!H7, LEN(SWIMMING!H7)), """"), IFERROR(FILTER(WTEN!H7, LEN(WTEN!H7)), """"), IFERROR(FILTER(TF!H7, LEN(TF!H7"&")), """"), IFERROR(FILTER(WGOLF!H7, LEN(WGOLF!H7)), """"), IFERROR(FILTER(WBB!H7, LEN(WBB!H7)), """"), IFERROR(FILTER(MBB!H7, LEN(MBB!H7)), """"), IFERROR(FILTER(WLAX!H7, LEN(WLAX!H7)), """"), IFERROR(FILTER(MLAX!H7, LEN(MLAX!H7)), """"), IFER"&"ROR(FILTER(SOFT!H7, LEN(SOFT!H7)), """"), IFERROR(FILTER(BASE!H7, LEN(BASE!H7)), """"), IFERROR(FILTER(ESPORTS!H7, LEN(ESPORTS!H7)), """") ) "),"") | I7: =IFERROR(__xludf.DUMMYFUNCTION("TEXTJOIN( CHAR(10) & CHAR(10), TRUE, IFERROR(ARRAYFORMULA(TEXT(FILTER(WSO!F7, LEN(WSO!F7)), ""h:mm AM/PM"")), """"), IFERROR(ARRAYFORMULA(TEXT(FILTER(MSO!F7, LEN(MSO!F7)), ""h:mm AM/PM"")), """"), IFERROR(ARRAYFORMULA(TEXT(FILTER(FH!F7, LEN(FH!F"&"7)), ""h:mm AM/PM"")), """"), IFERROR(ARRAYFORMULA(TEXT(FILTER(MGOLF!F7, LEN(MGOLF!F7)), ""h:mm AM/PM"")), """"), IFERROR(ARRAYFORMULA(TEXT(FILTER(Football!F7, LEN(Football!F7)), ""h:mm AM/PM"")), """"), IFERROR(ARRAYFORMULA(TEXT(FILTER(WVB!F7, LEN("&"WVB!F7)), ""h:mm AM/PM"")), """"), IFERROR(ARRAYFORMULA(TEXT(FILTER(XC!F7, LEN(XC!F7)), ""h:mm AM/PM"")), """"), IFERROR(ARRAYFORMULA(TEXT(FILTER(SWIMMING!F7, LEN(SWIMMING!F7)), ""h:mm AM/PM"")), """"), IFERROR(ARRAYFORMULA(TEXT(FILTER(WTEN!F7, LEN("&"WTEN!F7)), ""h:mm AM/PM"")), """"), IFERROR(ARRAYFORMULA(TEXT(FILTER(TF!F7, LEN(TF!F7)), ""h:mm AM/PM"")), """"), IFERROR(ARRAYFORMULA(TEXT(FILTER(WGOLF!F7, LEN(WGOLF!F7)), ""h:mm AM/PM"")), """"), IFERROR(ARRAYFORMULA(TEXT(FILTER(WBB!F7, LEN(WBB!F7"&")), ""h:mm AM/PM"")), """"), IFERROR(ARRAYFORMULA(TEXT(FILTER(MBB!F7, LEN(MBB!F7)), ""h:mm AM/PM"")), """"), IFERROR(ARRAYFORMULA(TEXT(FILTER(WLAX!F7, LEN(WLAX!F7)), ""h:mm AM/PM"")), """"), IFERROR(ARRAYFORMULA(TEXT(FILTER(MLAX!F7, LEN(MLAX!F7)), "&"""h:mm AM/PM"")), """"), IFERROR(ARRAYFORMULA(TEXT(FILTER(SOFT!F7, LEN(SOFT!F7)), ""h:mm AM/PM"")), """"), IFERROR(ARRAYFORMULA(TEXT(FILTER(BASE!F7, LEN(BASE!F7)), ""h:mm AM/PM"")), """"), IFERROR(ARRAYFORMULA(TEXT(FILTER(ESPORTS!F7, LEN(ESPORTS!F7)"&"), ""h:mm AM/PM"")), """") ) "),"") | J7: =IFERROR(__xludf.DUMMYFUNCTION("IFERROR( TEXTJOIN( CHAR(10) & CHAR(10), TRUE, FILTER( FLATTEN({ WSO!P7; MSO!P7; FH!P7; MGOLF!P7; Football!P7; WVB!P7; XC!P7; SWIMMING!P7; WTEN!P7; TF!P7; WGOLF!P7;"&" WBB!P7; MBB!P7; WLAX!P7; MLAX!P7; SOFT!P7; BASE!P7; ESPORTS!P7 }), (FLATTEN({ WSO!P7; MSO!P7; FH!P7; MGOLF!P7; Football!P7; WVB!P7; XC!P7; "&"SWIMMING!P7; WTEN!P7; TF!P7; WGOLF!P7; WBB!P7; MBB!P7; WLAX!P7; MLAX!P7; SOFT!P7; BASE!P7; ESPORTS!P7 }) <> """") * (FLATTEN({ WSO!P7; MSO!P7; FH!P7; "&" MGOLF!P7; Football!P7; WVB!P7; XC!P7; SWIMMING!P7; WTEN!P7; TF!P7; WGOLF!P7; WBB!P7; MBB!P7; WLAX!P7; MLAX!P7; SOFT!P7; BASE!P7; ESPORTS!P7 }) <> ""S"&"tatus"") ) ), """" ) "),"")
A8: 7 | C8: 46241 | D8: =text(C8,"dddd") -> Friday | E8: =TEXTJOIN( CHAR(10) & CHAR(10), TRUE, IFERROR(WSO!E8, ""), IFERROR(MSO!E8, ""), IFERROR(FH!E8, ""), IFERROR(MGOLF!E8, ""), IFERROR(Football!E8, ""), IFERROR(WVB!E8, ""), IFERROR(XC!E8, ""), IFERROR(SWIMMING!E8, ""), IFERROR(WTEN!E8, ""), IFERROR(TF!E8, ""), IFERROR(WGOLF!E8, ""), IFERROR(WBB!E8, ""), IFERROR(MBB!E8, ""), IFERROR(WLAX!E8, ""), IFERROR(MLAX!E8, ""), IFERROR(SOFT!E8, ""), IFERROR(BASE!E8, ""), IFERROR(ESPORTS!E8, "") ) | F8: =IFERROR(__xludf.DUMMYFUNCTION("TEXTJOIN( CHAR(10) & CHAR(10), TRUE, IFERROR(TEXT(FILTER(WSO!F8, LEN(WSO!F8)), ""h:mm AM/PM""), """"), IFERROR(TEXT(FILTER(MSO!F8, LEN(MSO!F8)), ""h:mm AM/PM""), """"), IFERROR(TEXT(FILTER(FH!F8, LEN(FH!F8)), ""h:mm AM/PM""), """"), IFERROR(TE"&"XT(FILTER(MGOLF!F8, LEN(MGOLF!F8)), ""h:mm AM/PM""), """"), IFERROR(TEXT(FILTER(Football!F8, LEN(Football!F8)), ""h:mm AM/PM""), """"), IFERROR(TEXT(FILTER(WVB!F8, LEN(WVB!F8)), ""h:mm AM/PM""), """"), IFERROR(TEXT(FILTER(XC!F8, LEN(XC!F8)), ""h:mm "&"AM/PM""), """"), IFERROR(TEXT(FILTER(SWIMMING!F8, LEN(SWIMMING!F8)), ""h:mm AM/PM""), """"), IFERROR(TEXT(FILTER(WTEN!F8, LEN(WTEN!F8)), ""h:mm AM/PM""), """"), IFERROR(TEXT(FILTER(TF!F8, LEN(TF!F8)), ""h:mm AM/PM""), """"), IFERROR(TEXT(FILTER(WG"&"OLF!F8, LEN(WGOLF!F8)), ""h:mm AM/PM""), """"), IFERROR(TEXT(FILTER(WBB!F8, LEN(WBB!F8)), ""h:mm AM/PM""), """"), IFERROR(TEXT(FILTER(MBB!F8, LEN(MBB!F8)), ""h:mm AM/PM""), """"), IFERROR(TEXT(FILTER(WLAX!F8, LEN(WLAX!F8)), ""h:mm AM/PM""), """"), "&" IFERROR(TEXT(FILTER(MLAX!F8, LEN(MLAX!F8)), ""h:mm AM/PM""), """"), IFERROR(TEXT(FILTER(SOFT!F8, LEN(SOFT!F8)), ""h:mm AM/PM""), """"), IFERROR(TEXT(FILTER(BASE!F8, LEN(BASE!F8)), ""h:mm AM/PM""), """"), IFERROR(TEXT(FILTER(ESPORTS!F8, LEN(ESPORTS!"&"F8)), ""h:mm AM/PM""), """") ) "),"") | G8: =IFERROR(__xludf.DUMMYFUNCTION("TEXTJOIN( CHAR(10) & CHAR(10), TRUE, IFERROR(FILTER(WSO!G8, LEN(WSO!G8)), """"), IFERROR(FILTER(MSO!G8, LEN(MSO!G8)), """"), IFERROR(FILTER(FH!G8, LEN(FH!G8)), """"), IFERROR(FILTER(MGOLF!G8, LEN(MGOLF!G8)), """"), IFERROR(FILTER(Football!G8"&", LEN(Football!G8)), """"), IFERROR(FILTER(WVB!G8, LEN(WVB!G8)), """"), IFERROR(FILTER(XC!G8, LEN(XC!G8)), """"), IFERROR(FILTER(SWIMMING!G8, LEN(SWIMMING!G8)), """"), IFERROR(FILTER(WTEN!G8, LEN(WTEN!G8)), """"), IFERROR(FILTER(TF!G8, LEN(TF!G8"&")), """"), IFERROR(FILTER(WGOLF!G8:G1000, LEN(WGOLF!G8)), """"), IFERROR(FILTER(WBB!G8, LEN(WBB!G8)), """"), IFERROR(FILTER(MBB!G8, LEN(MBB!G8)), """"), IFERROR(FILTER(WLAX!G8, LEN(WLAX!G8)), """"), IFERROR(FILTER(MLAX!G8, LEN(MLAX!G8)), """"), "&" IFERROR(FILTER(SOFT!G8, LEN(SOFT!G8)), """"), IFERROR(FILTER(BASE!G8, LEN(BASE!G8)), """"), IFERROR(FILTER(ESPORTS!G8, LEN(ESPORTS!G8)), """") ) "),"") | H8: =IFERROR(__xludf.DUMMYFUNCTION("TEXTJOIN( CHAR(10) & CHAR(10), TRUE, IFERROR(FILTER(WSO!H8, LEN(WSO!H8)), """"), IFERROR(FILTER(MSO!H8, LEN(MSO!H8)), """"), IFERROR(FILTER(FH!H8, LEN(FH!H8)), """"), IFERROR(FILTER(MGOLF!H8, LEN(MGOLF!H8)), """"), IFERROR(FILTER(Football!H8"&", LEN(Football!H8)), """"), IFERROR(FILTER(WVB!H8, LEN(WVB!H8)), """"), IFERROR(FILTER(XC!H8, LEN(XC!H8)), """"), IFERROR(FILTER(SWIMMING!H8, LEN(SWIMMING!H8)), """"), IFERROR(FILTER(WTEN!H8, LEN(WTEN!H8)), """"), IFERROR(FILTER(TF!H8, LEN(TF!H8"&")), """"), IFERROR(FILTER(WGOLF!H8, LEN(WGOLF!H8)), """"), IFERROR(FILTER(WBB!H8, LEN(WBB!H8)), """"), IFERROR(FILTER(MBB!H8, LEN(MBB!H8)), """"), IFERROR(FILTER(WLAX!H8, LEN(WLAX!H8)), """"), IFERROR(FILTER(MLAX!H8, LEN(MLAX!H8)), """"), IFER"&"ROR(FILTER(SOFT!H8, LEN(SOFT!H8)), """"), IFERROR(FILTER(BASE!H8, LEN(BASE!H8)), """"), IFERROR(FILTER(ESPORTS!H8, LEN(ESPORTS!H8)), """") ) "),"") | I8: =IFERROR(__xludf.DUMMYFUNCTION("TEXTJOIN( CHAR(10) & CHAR(10), TRUE, IFERROR(ARRAYFORMULA(TEXT(FILTER(WSO!F8, LEN(WSO!F8)), ""h:mm AM/PM"")), """"), IFERROR(ARRAYFORMULA(TEXT(FILTER(MSO!F8, LEN(MSO!F8)), ""h:mm AM/PM"")), """"), IFERROR(ARRAYFORMULA(TEXT(FILTER(FH!F8, LEN(FH!F"&"8)), ""h:mm AM/PM"")), """"), IFERROR(ARRAYFORMULA(TEXT(FILTER(MGOLF!F8, LEN(MGOLF!F8)), ""h:mm AM/PM"")), """"), IFERROR(ARRAYFORMULA(TEXT(FILTER(Football!F8, LEN(Football!F8)), ""h:mm AM/PM"")), """"), IFERROR(ARRAYFORMULA(TEXT(FILTER(WVB!F8, LEN("&"WVB!F8)), ""h:mm AM/PM"")), """"), IFERROR(ARRAYFORMULA(TEXT(FILTER(XC!F8, LEN(XC!F8)), ""h:mm AM/PM"")), """"), IFERROR(ARRAYFORMULA(TEXT(FILTER(SWIMMING!F8, LEN(SWIMMING!F8)), ""h:mm AM/PM"")), """"), IFERROR(ARRAYFORMULA(TEXT(FILTER(WTEN!F8, LEN("&"WTEN!F8)), ""h:mm AM/PM"")), """"), IFERROR(ARRAYFORMULA(TEXT(FILTER(TF!F8, LEN(TF!F8)), ""h:mm AM/PM"")), """"), IFERROR(ARRAYFORMULA(TEXT(FILTER(WGOLF!F8, LEN(WGOLF!F8)), ""h:mm AM/PM"")), """"), IFERROR(ARRAYFORMULA(TEXT(FILTER(WBB!F8, LEN(WBB!F8"&")), ""h:mm AM/PM"")), """"), IFERROR(ARRAYFORMULA(TEXT(FILTER(MBB!F8, LEN(MBB!F8)), ""h:mm AM/PM"")), """"), IFERROR(ARRAYFORMULA(TEXT(FILTER(WLAX!F8, LEN(WLAX!F8)), ""h:mm AM/PM"")), """"), IFERROR(ARRAYFORMULA(TEXT(FILTER(MLAX!F8, LEN(MLAX!F8)), "&"""h:mm AM/PM"")), """"), IFERROR(ARRAYFORMULA(TEXT(FILTER(SOFT!F8, LEN(SOFT!F8)), ""h:mm AM/PM"")), """"), IFERROR(ARRAYFORMULA(TEXT(FILTER(BASE!F8, LEN(BASE!F8)), ""h:mm AM/PM"")), """"), IFERROR(ARRAYFORMULA(TEXT(FILTER(ESPORTS!F8, LEN(ESPORTS!F8)"&"), ""h:mm AM/PM"")), """") ) "),"") | J8: =IFERROR(__xludf.DUMMYFUNCTION("IFERROR( TEXTJOIN( CHAR(10) & CHAR(10), TRUE, FILTER( FLATTEN({ WSO!P8; MSO!P8; FH!P8; MGOLF!P8; Football!P8; WVB!P8; XC!P8; SWIMMING!P8; WTEN!P8; TF!P8; WGOLF!P8;"&" WBB!P8; MBB!P8; WLAX!P8; MLAX!P8; SOFT!P8; BASE!P8; ESPORTS!P8 }), (FLATTEN({ WSO!P8; MSO!P8; FH!P8; MGOLF!P8; Football!P8; WVB!P8; XC!P8; "&"SWIMMING!P8; WTEN!P8; TF!P8; WGOLF!P8; WBB!P8; MBB!P8; WLAX!P8; MLAX!P8; SOFT!P8; BASE!P8; ESPORTS!P8 }) <> """") * (FLATTEN({ WSO!P8; MSO!P8; FH!P8; "&" MGOLF!P8; Football!P8; WVB!P8; XC!P8; SWIMMING!P8; WTEN!P8; TF!P8; WGOLF!P8; WBB!P8; MBB!P8; WLAX!P8; MLAX!P8; SOFT!P8; BASE!P8; ESPORTS!P8 }) <> ""S"&"tatus"") ) ), """" ) "),"")
A9: 8 | C9: 46242 | D9: =text(C9,"dddd") -> Saturday | E9: =TEXTJOIN( CHAR(10) & CHAR(10), TRUE, IFERROR(WSO!E9, ""), IFERROR(MSO!E9, ""), IFERROR(FH!E9, ""), IFERROR(MGOLF!E9, ""), IFERROR(Football!E9, ""), IFERROR(WVB!E9, ""), IFERROR(XC!E9, ""), IFERROR(SWIMMING!E9, ""), IFERROR(WTEN!E9, ""), IFERROR(TF!E9, ""), IFERROR(WGOLF!E9, ""), IFERROR(WBB!E9, ""), IFERROR(MBB!E9, ""), IFERROR(WLAX!E9, ""), IFERROR(MLAX!E9, ""), IFERROR(SOFT!E9, ""), IFERROR(BASE!E9, ""), IFERROR(ESPORTS!E9, "") ) | F9: =IFERROR(__xludf.DUMMYFUNCTION("TEXTJOIN( CHAR(10) & CHAR(10), TRUE, IFERROR(TEXT(FILTER(WSO!F9, LEN(WSO!F9)), ""h:mm AM/PM""), """"), IFERROR(TEXT(FILTER(MSO!F9, LEN(MSO!F9)), ""h:mm AM/PM""), """"), IFERROR(TEXT(FILTER(FH!F9, LEN(FH!F9)), ""h:mm AM/PM""), """"), IFERROR(TE"&"XT(FILTER(MGOLF!F9, LEN(MGOLF!F9)), ""h:mm AM/PM""), """"), IFERROR(TEXT(FILTER(Football!F9, LEN(Football!F9)), ""h:mm AM/PM""), """"), IFERROR(TEXT(FILTER(WVB!F9, LEN(WVB!F9)), ""h:mm AM/PM""), """"), IFERROR(TEXT(FILTER(XC!F9, LEN(XC!F9)), ""h:mm "&"AM/PM""), """"), IFERROR(TEXT(FILTER(SWIMMING!F9, LEN(SWIMMING!F9)), ""h:mm AM/PM""), """"), IFERROR(TEXT(FILTER(WTEN!F9, LEN(WTEN!F9)), ""h:mm AM/PM""), """"), IFERROR(TEXT(FILTER(TF!F9, LEN(TF!F9)), ""h:mm AM/PM""), """"), IFERROR(TEXT(FILTER(WG"&"OLF!F9, LEN(WGOLF!F9)), ""h:mm AM/PM""), """"), IFERROR(TEXT(FILTER(WBB!F9, LEN(WBB!F9)), ""h:mm AM/PM""), """"), IFERROR(TEXT(FILTER(MBB!F9, LEN(MBB!F9)), ""h:mm AM/PM""), """"), IFERROR(TEXT(FILTER(WLAX!F9, LEN(WLAX!F9)), ""h:mm AM/PM""), """"), "&" IFERROR(TEXT(FILTER(MLAX!F9, LEN(MLAX!F9)), ""h:mm AM/PM""), """"), IFERROR(TEXT(FILTER(SOFT!F9, LEN(SOFT!F9)), ""h:mm AM/PM""), """"), IFERROR(TEXT(FILTER(BASE!F9, LEN(BASE!F9)), ""h:mm AM/PM""), """"), IFERROR(TEXT(FILTER(ESPORTS!F9, LEN(ESPORTS!"&"F9)), ""h:mm AM/PM""), """") ) "),"") | G9: =IFERROR(__xludf.DUMMYFUNCTION("TEXTJOIN( CHAR(10) & CHAR(10), TRUE, IFERROR(FILTER(WSO!G9, LEN(WSO!G9)), """"), IFERROR(FILTER(MSO!G9, LEN(MSO!G9)), """"), IFERROR(FILTER(FH!G9, LEN(FH!G9)), """"), IFERROR(FILTER(MGOLF!G9, LEN(MGOLF!G9)), """"), IFERROR(FILTER(Football!G9"&", LEN(Football!G9)), """"), IFERROR(FILTER(WVB!G9, LEN(WVB!G9)), """"), IFERROR(FILTER(XC!G9, LEN(XC!G9)), """"), IFERROR(FILTER(SWIMMING!G9, LEN(SWIMMING!G9)), """"), IFERROR(FILTER(WTEN!G9, LEN(WTEN!G9)), """"), IFERROR(FILTER(TF!G9, LEN(TF!G9"&")), """"), IFERROR(FILTER(WGOLF!G9:G1000, LEN(WGOLF!G9)), """"), IFERROR(FILTER(WBB!G9, LEN(WBB!G9)), """"), IFERROR(FILTER(MBB!G9, LEN(MBB!G9)), """"), IFERROR(FILTER(WLAX!G9, LEN(WLAX!G9)), """"), IFERROR(FILTER(MLAX!G9, LEN(MLAX!G9)), """"), "&" IFERROR(FILTER(SOFT!G9, LEN(SOFT!G9)), """"), IFERROR(FILTER(BASE!G9, LEN(BASE!G9)), """"), IFERROR(FILTER(ESPORTS!G9, LEN(ESPORTS!G9)), """") ) "),"") | H9: =IFERROR(__xludf.DUMMYFUNCTION("TEXTJOIN( CHAR(10) & CHAR(10), TRUE, IFERROR(FILTER(WSO!H9, LEN(WSO!H9)), """"), IFERROR(FILTER(MSO!H9, LEN(MSO!H9)), """"), IFERROR(FILTER(FH!H9, LEN(FH!H9)), """"), IFERROR(FILTER(MGOLF!H9, LEN(MGOLF!H9)), """"), IFERROR(FILTER(Football!H9"&", LEN(Football!H9)), """"), IFERROR(FILTER(WVB!H9, LEN(WVB!H9)), """"), IFERROR(FILTER(XC!H9, LEN(XC!H9)), """"), IFERROR(FILTER(SWIMMING!H9, LEN(SWIMMING!H9)), """"), IFERROR(FILTER(WTEN!H9, LEN(WTEN!H9)), """"), IFERROR(FILTER(TF!H9, LEN(TF!H9"&")), """"), IFERROR(FILTER(WGOLF!H9, LEN(WGOLF!H9)), """"), IFERROR(FILTER(WBB!H9, LEN(WBB!H9)), """"), IFERROR(FILTER(MBB!H9, LEN(MBB!H9)), """"), IFERROR(FILTER(WLAX!H9, LEN(WLAX!H9)), """"), IFERROR(FILTER(MLAX!H9, LEN(MLAX!H9)), """"), IFER"&"ROR(FILTER(SOFT!H9, LEN(SOFT!H9)), """"), IFERROR(FILTER(BASE!H9, LEN(BASE!H9)), """"), IFERROR(FILTER(ESPORTS!H9, LEN(ESPORTS!H9)), """") ) "),"") | I9: =IFERROR(__xludf.DUMMYFUNCTION("TEXTJOIN( CHAR(10) & CHAR(10), TRUE, IFERROR(ARRAYFORMULA(TEXT(FILTER(WSO!F9, LEN(WSO!F9)), ""h:mm AM/PM"")), """"), IFERROR(ARRAYFORMULA(TEXT(FILTER(MSO!F9, LEN(MSO!F9)), ""h:mm AM/PM"")), """"), IFERROR(ARRAYFORMULA(TEXT(FILTER(FH!F9, LEN(FH!F"&"9)), ""h:mm AM/PM"")), """"), IFERROR(ARRAYFORMULA(TEXT(FILTER(MGOLF!F9, LEN(MGOLF!F9)), ""h:mm AM/PM"")), """"), IFERROR(ARRAYFORMULA(TEXT(FILTER(Football!F9, LEN(Football!F9)), ""h:mm AM/PM"")), """"), IFERROR(ARRAYFORMULA(TEXT(FILTER(WVB!F9, LEN("&"WVB!F9)), ""h:mm AM/PM"")), """"), IFERROR(ARRAYFORMULA(TEXT(FILTER(XC!F9, LEN(XC!F9)), ""h:mm AM/PM"")), """"), IFERROR(ARRAYFORMULA(TEXT(FILTER(SWIMMING!F9, LEN(SWIMMING!F9)), ""h:mm AM/PM"")), """"), IFERROR(ARRAYFORMULA(TEXT(FILTER(WTEN!F9, LEN("&"WTEN!F9)), ""h:mm AM/PM"")), """"), IFERROR(ARRAYFORMULA(TEXT(FILTER(TF!F9, LEN(TF!F9)), ""h:mm AM/PM"")), """"), IFERROR(ARRAYFORMULA(TEXT(FILTER(WGOLF!F9, LEN(WGOLF!F9)), ""h:mm AM/PM"")), """"), IFERROR(ARRAYFORMULA(TEXT(FILTER(WBB!F9, LEN(WBB!F9"&")), ""h:mm AM/PM"")), """"), IFERROR(ARRAYFORMULA(TEXT(FILTER(MBB!F9, LEN(MBB!F9)), ""h:mm AM/PM"")), """"), IFERROR(ARRAYFORMULA(TEXT(FILTER(WLAX!F9, LEN(WLAX!F9)), ""h:mm AM/PM"")), """"), IFERROR(ARRAYFORMULA(TEXT(FILTER(MLAX!F9, LEN(MLAX!F9)), "&"""h:mm AM/PM"")), """"), IFERROR(ARRAYFORMULA(TEXT(FILTER(SOFT!F9, LEN(SOFT!F9)), ""h:mm AM/PM"")), """"), IFERROR(ARRAYFORMULA(TEXT(FILTER(BASE!F9, LEN(BASE!F9)), ""h:mm AM/PM"")), """"), IFERROR(ARRAYFORMULA(TEXT(FILTER(ESPORTS!F9, LEN(ESPORTS!F9)"&"), ""h:mm AM/PM"")), """") ) "),"") | J9: =IFERROR(__xludf.DUMMYFUNCTION("IFERROR( TEXTJOIN( CHAR(10) & CHAR(10), TRUE, FILTER( FLATTEN({ WSO!P9; MSO!P9; FH!P9; MGOLF!P9; Football!P9; WVB!P9; XC!P9; SWIMMING!P9; WTEN!P9; TF!P9; WGOLF!P9;"&" WBB!P9; MBB!P9; WLAX!P9; MLAX!P9; SOFT!P9; BASE!P9; ESPORTS!P9 }), (FLATTEN({ WSO!P9; MSO!P9; FH!P9; MGOLF!P9; Football!P9; WVB!P9; XC!P9; "&"SWIMMING!P9; WTEN!P9; TF!P9; WGOLF!P9; WBB!P9; MBB!P9; WLAX!P9; MLAX!P9; SOFT!P9; BASE!P9; ESPORTS!P9 }) <> """") * (FLATTEN({ WSO!P9; MSO!P9; FH!P9; "&" MGOLF!P9; Football!P9; WVB!P9; XC!P9; SWIMMING!P9; WTEN!P9; TF!P9; WGOLF!P9; WBB!P9; MBB!P9; WLAX!P9; MLAX!P9; SOFT!P9; BASE!P9; ESPORTS!P9 }) <> ""S"&"tatus"") ) ), """" ) "),"")
A10: 9 | C10: 46243 | D10: =text(C10,"dddd") -> Sunday | E10: =TEXTJOIN( CHAR(10) & CHAR(10), TRUE, IFERROR(WSO!E10, ""), IFERROR(MSO!E10, ""), IFERROR(FH!E10, ""), IFERROR(MGOLF!E10, ""), IFERROR(Football!E10, ""), IFERROR(WVB!E10, ""), IFERROR(XC!E10, ""), IFERROR(SWIMMING!E10, ""), IFERROR(WTEN!E10, ""), IFERROR(TF!E10, ""), IFERROR(WGOLF!E10, ""), IFERROR(WBB!E10, ""), IFERROR(MBB!E10, ""), IFERROR(WLAX!E10, ""), IFERROR(MLAX!E10, ""), IFERROR(SOFT!E10, ""), IFERROR(BASE!E10, ""), IFERROR(ESPORTS!E10, "") ) | F10: =IFERROR(__xludf.DUMMYFUNCTION("TEXTJOIN( CHAR(10) & CHAR(10), TRUE, IFERROR(TEXT(FILTER(WSO!F10, LEN(WSO!F10)), ""h:mm AM/PM""), """"), IFERROR(TEXT(FILTER(MSO!F10, LEN(MSO!F10)), ""h:mm AM/PM""), """"), IFERROR(TEXT(FILTER(FH!F10, LEN(FH!F10)), ""h:mm AM/PM""), """"), IFER"&"ROR(TEXT(FILTER(MGOLF!F10, LEN(MGOLF!F10)), ""h:mm AM/PM""), """"), IFERROR(TEXT(FILTER(Football!F10, LEN(Football!F10)), ""h:mm AM/PM""), """"), IFERROR(TEXT(FILTER(WVB!F10, LEN(WVB!F10)), ""h:mm AM/PM""), """"), IFERROR(TEXT(FILTER(XC!F10, LEN(XC!"&"F10)), ""h:mm AM/PM""), """"), IFERROR(TEXT(FILTER(SWIMMING!F10, LEN(SWIMMING!F10)), ""h:mm AM/PM""), """"), IFERROR(TEXT(FILTER(WTEN!F10, LEN(WTEN!F10)), ""h:mm AM/PM""), """"), IFERROR(TEXT(FILTER(TF!F10, LEN(TF!F10)), ""h:mm AM/PM""), """"), IF"&"ERROR(TEXT(FILTER(WGOLF!F10, LEN(WGOLF!F10)), ""h:mm AM/PM""), """"), IFERROR(TEXT(FILTER(WBB!F10, LEN(WBB!F10)), ""h:mm AM/PM""), """"), IFERROR(TEXT(FILTER(MBB!F10, LEN(MBB!F10)), ""h:mm AM/PM""), """"), IFERROR(TEXT(FILTER(WLAX!F10, LEN(WLAX!F10)"&"), ""h:mm AM/PM""), """"), IFERROR(TEXT(FILTER(MLAX!F10, LEN(MLAX!F10)), ""h:mm AM/PM""), """"), IFERROR(TEXT(FILTER(SOFT!F10, LEN(SOFT!F10)), ""h:mm AM/PM""), """"), IFERROR(TEXT(FILTER(BASE!F10, LEN(BASE!F10)), ""h:mm AM/PM""), """"), IFERROR(TE"&"XT(FILTER(ESPORTS!F10, LEN(ESPORTS!F10)), ""h:mm AM/PM""), """") ) "),"") | G10: =IFERROR(__xludf.DUMMYFUNCTION("TEXTJOIN( CHAR(10) & CHAR(10), TRUE, IFERROR(FILTER(WSO!G10, LEN(WSO!G10)), """"), IFERROR(FILTER(MSO!G10, LEN(MSO!G10)), """"), IFERROR(FILTER(FH!G10, LEN(FH!G10)), """"), IFERROR(FILTER(MGOLF!G10, LEN(MGOLF!G10)), """"), IFERROR(FILTER(Foo"&"tball!G10, LEN(Football!G10)), """"), IFERROR(FILTER(WVB!G10, LEN(WVB!G10)), """"), IFERROR(FILTER(XC!G10, LEN(XC!G10)), """"), IFERROR(FILTER(SWIMMING!G10, LEN(SWIMMING!G10)), """"), IFERROR(FILTER(WTEN!G10, LEN(WTEN!G10)), """"), IFERROR(FILTE"&"R(TF!G10, LEN(TF!G10)), """"), IFERROR(FILTER(WGOLF!G10:G1000, LEN(WGOLF!G10)), """"), IFERROR(FILTER(WBB!G10, LEN(WBB!G10)), """"), IFERROR(FILTER(MBB!G10, LEN(MBB!G10)), """"), IFERROR(FILTER(WLAX!G10, LEN(WLAX!G10)), """"), IFERROR(FILTER(MLA"&"X!G10, LEN(MLAX!G10)), """"), IFERROR(FILTER(SOFT!G10, LEN(SOFT!G10)), """"), IFERROR(FILTER(BASE!G10, LEN(BASE!G10)), """"), IFERROR(FILTER(ESPORTS!G10, LEN(ESPORTS!G10)), """") ) "),"") | H10: =IFERROR(__xludf.DUMMYFUNCTION("TEXTJOIN( CHAR(10) & CHAR(10), TRUE, IFERROR(FILTER(WSO!H10, LEN(WSO!H10)), """"), IFERROR(FILTER(MSO!H10, LEN(MSO!H10)), """"), IFERROR(FILTER(FH!H10, LEN(FH!H10)), """"), IFERROR(FILTER(MGOLF!H10, LEN(MGOLF!H10)), """"), IFERROR(FILTER(Foo"&"tball!H10, LEN(Football!H10)), """"), IFERROR(FILTER(WVB!H10, LEN(WVB!H10)), """"), IFERROR(FILTER(XC!H10, LEN(XC!H10)), """"), IFERROR(FILTER(SWIMMING!H10, LEN(SWIMMING!H10)), """"), IFERROR(FILTER(WTEN!H10, LEN(WTEN!H10)), """"), IFERROR(FILTE"&"R(TF!H10, LEN(TF!H10)), """"), IFERROR(FILTER(WGOLF!H10, LEN(WGOLF!H10)), """"), IFERROR(FILTER(WBB!H10, LEN(WBB!H10)), """"), IFERROR(FILTER(MBB!H10, LEN(MBB!H10)), """"), IFERROR(FILTER(WLAX!H10, LEN(WLAX!H10)), """"), IFERROR(FILTER(MLAX!H10,"&" LEN(MLAX!H10)), """"), IFERROR(FILTER(SOFT!H10, LEN(SOFT!H10)), """"), IFERROR(FILTER(BASE!H10, LEN(BASE!H10)), """"), IFERROR(FILTER(ESPORTS!H10, LEN(ESPORTS!H10)), """") ) "),"") | I10: =IFERROR(__xludf.DUMMYFUNCTION("TEXTJOIN( CHAR(10) & CHAR(10), TRUE, IFERROR(ARRAYFORMULA(TEXT(FILTER(WSO!F10, LEN(WSO!F10)), ""h:mm AM/PM"")), """"), IFERROR(ARRAYFORMULA(TEXT(FILTER(MSO!F10, LEN(MSO!F10)), ""h:mm AM/PM"")), """"), IFERROR(ARRAYFORMULA(TEXT(FILTER(FH!F10, LEN"&"(FH!F10)), ""h:mm AM/PM"")), """"), IFERROR(ARRAYFORMULA(TEXT(FILTER(MGOLF!F10, LEN(MGOLF!F10)), ""h:mm AM/PM"")), """"), IFERROR(ARRAYFORMULA(TEXT(FILTER(Football!F10, LEN(Football!F10)), ""h:mm AM/PM"")), """"), IFERROR(ARRAYFORMULA(TEXT(FILTER(WV"&"B!F10, LEN(WVB!F10)), ""h:mm AM/PM"")), """"), IFERROR(ARRAYFORMULA(TEXT(FILTER(XC!F10, LEN(XC!F10)), ""h:mm AM/PM"")), """"), IFERROR(ARRAYFORMULA(TEXT(FILTER(SWIMMING!F10, LEN(SWIMMING!F10)), ""h:mm AM/PM"")), """"), IFERROR(ARRAYFORMULA(TEXT(FILT"&"ER(WTEN!F10, LEN(WTEN!F10)), ""h:mm AM/PM"")), """"), IFERROR(ARRAYFORMULA(TEXT(FILTER(TF!F10, LEN(TF!F10)), ""h:mm AM/PM"")), """"), IFERROR(ARRAYFORMULA(TEXT(FILTER(WGOLF!F10, LEN(WGOLF!F10)), ""h:mm AM/PM"")), """"), IFERROR(ARRAYFORMULA(TEXT(FIL"&"TER(WBB!F10, LEN(WBB!F10)), ""h:mm AM/PM"")), """"), IFERROR(ARRAYFORMULA(TEXT(FILTER(MBB!F10, LEN(MBB!F10)), ""h:mm AM/PM"")), """"), IFERROR(ARRAYFORMULA(TEXT(FILTER(WLAX!F10, LEN(WLAX!F10)), ""h:mm AM/PM"")), """"), IFERROR(ARRAYFORMULA(TEXT(FILT"&"ER(MLAX!F10, LEN(MLAX!F10)), ""h:mm AM/PM"")), """"), IFERROR(ARRAYFORMULA(TEXT(FILTER(SOFT!F10, LEN(SOFT!F10)), ""h:mm AM/PM"")), """"), IFERROR(ARRAYFORMULA(TEXT(FILTER(BASE!F10, LEN(BASE!F10)), ""h:mm AM/PM"")), """"), IFERROR(ARRAYFORMULA(TEXT(F"&"ILTER(ESPORTS!F10, LEN(ESPORTS!F10)), ""h:mm AM/PM"")), """") ) "),"") | J10: =IFERROR(__xludf.DUMMYFUNCTION("IFERROR( TEXTJOIN( CHAR(10) & CHAR(10), TRUE, FILTER( FLATTEN({ WSO!P10; MSO!P10; FH!P10; MGOLF!P10; Football!P10; WVB!P10; XC!P10; SWIMMING!P10; WTEN!P10; TF!P10; "&" WGOLF!P10; WBB!P10; MBB!P10; WLAX!P10; MLAX!P10; SOFT!P10; BASE!P10; ESPORTS!P10 }), (FLATTEN({ WSO!P10; MSO!P10; FH!P10; MGOLF!P10; Football!P10; WVB!P1"&"0; XC!P10; SWIMMING!P10; WTEN!P10; TF!P10; WGOLF!P10; WBB!P10; MBB!P10; WLAX!P10; MLAX!P10; SOFT!P10; BASE!P10; ESPORTS!P10 }) <> """") * (FLATTEN({ WSO!P"&"10; MSO!P10; FH!P10; MGOLF!P10; Football!P10; WVB!P10; XC!P10; SWIMMING!P10; WTEN!P10; TF!P10; WGOLF!P10; WBB!P10; MBB!P10; WLAX!P10; MLAX!P10; SOFT!P"&"10; BASE!P10; ESPORTS!P10 }) <> ""Status"") ) ), """" ) "),"")
A11: 10 | C11: 46244 | D11: =text(C11,"dddd") -> Monday | E11: =TEXTJOIN( CHAR(10) & CHAR(10), TRUE, IFERROR(WSO!E11, ""), IFERROR(MSO!E11, ""), IFERROR(FH!E11, ""), IFERROR(MGOLF!E11, ""), IFERROR(Football!E11, ""), IFERROR(WVB!E11, ""), IFERROR(XC!E11, ""), IFERROR(SWIMMING!E11, ""), IFERROR(WTEN!E11, ""), IFERROR(TF!E11, ""), IFERROR(WGOLF!E11, ""), IFERROR(WBB!E11, ""), IFERROR(MBB!E11, ""), IFERROR(WLAX!E11, ""), IFERROR(MLAX!E11, ""), IFERROR(SOFT!E11, ""), IFERROR(BASE!E11, ""), IFERROR(ESPORTS!E11, "") ) | F11: =IFERROR(__xludf.DUMMYFUNCTION("TEXTJOIN( CHAR(10) & CHAR(10), TRUE, IFERROR(TEXT(FILTER(WSO!F11, LEN(WSO!F11)), ""h:mm AM/PM""), """"), IFERROR(TEXT(FILTER(MSO!F11, LEN(MSO!F11)), ""h:mm AM/PM""), """"), IFERROR(TEXT(FILTER(FH!F11, LEN(FH!F11)), ""h:mm AM/PM""), """"), IFER"&"ROR(TEXT(FILTER(MGOLF!F11, LEN(MGOLF!F11)), ""h:mm AM/PM""), """"), IFERROR(TEXT(FILTER(Football!F11, LEN(Football!F11)), ""h:mm AM/PM""), """"), IFERROR(TEXT(FILTER(WVB!F11, LEN(WVB!F11)), ""h:mm AM/PM""), """"), IFERROR(TEXT(FILTER(XC!F11, LEN(XC!"&"F11)), ""h:mm AM/PM""), """"), IFERROR(TEXT(FILTER(SWIMMING!F11, LEN(SWIMMING!F11)), ""h:mm AM/PM""), """"), IFERROR(TEXT(FILTER(WTEN!F11, LEN(WTEN!F11)), ""h:mm AM/PM""), """"), IFERROR(TEXT(FILTER(TF!F11, LEN(TF!F11)), ""h:mm AM/PM""), """"), IF"&"ERROR(TEXT(FILTER(WGOLF!F11, LEN(WGOLF!F11)), ""h:mm AM/PM""), """"), IFERROR(TEXT(FILTER(WBB!F11, LEN(WBB!F11)), ""h:mm AM/PM""), """"), IFERROR(TEXT(FILTER(MBB!F11, LEN(MBB!F11)), ""h:mm AM/PM""), """"), IFERROR(TEXT(FILTER(WLAX!F11, LEN(WLAX!F11)"&"), ""h:mm AM/PM""), """"), IFERROR(TEXT(FILTER(MLAX!F11, LEN(MLAX!F11)), ""h:mm AM/PM""), """"), IFERROR(TEXT(FILTER(SOFT!F11, LEN(SOFT!F11)), ""h:mm AM/PM""), """"), IFERROR(TEXT(FILTER(BASE!F11, LEN(BASE!F11)), ""h:mm AM/PM""), """"), IFERROR(TE"&"XT(FILTER(ESPORTS!F11, LEN(ESPORTS!F11)), ""h:mm AM/PM""), """") ) "),"") | G11: =IFERROR(__xludf.DUMMYFUNCTION("TEXTJOIN( CHAR(10) & CHAR(10), TRUE, IFERROR(FILTER(WSO!G11, LEN(WSO!G11)), """"), IFERROR(FILTER(MSO!G11, LEN(MSO!G11)), """"), IFERROR(FILTER(FH!G11, LEN(FH!G11)), """"), IFERROR(FILTER(MGOLF!G11, LEN(MGOLF!G11)), """"), IFERROR(FILTER(Foo"&"tball!G11, LEN(Football!G11)), """"), IFERROR(FILTER(WVB!G11, LEN(WVB!G11)), """"), IFERROR(FILTER(XC!G11, LEN(XC!G11)), """"), IFERROR(FILTER(SWIMMING!G11, LEN(SWIMMING!G11)), """"), IFERROR(FILTER(WTEN!G11, LEN(WTEN!G11)), """"), IFERROR(FILTE"&"R(TF!G11, LEN(TF!G11)), """"), IFERROR(FILTER(WGOLF!G11:G1000, LEN(WGOLF!G11)), """"), IFERROR(FILTER(WBB!G11, LEN(WBB!G11)), """"), IFERROR(FILTER(MBB!G11, LEN(MBB!G11)), """"), IFERROR(FILTER(WLAX!G11, LEN(WLAX!G11)), """"), IFERROR(FILTER(MLA"&"X!G11, LEN(MLAX!G11)), """"), IFERROR(FILTER(SOFT!G11, LEN(SOFT!G11)), """"), IFERROR(FILTER(BASE!G11, LEN(BASE!G11)), """"), IFERROR(FILTER(ESPORTS!G11, LEN(ESPORTS!G11)), """") ) "),"") | H11: =IFERROR(__xludf.DUMMYFUNCTION("TEXTJOIN( CHAR(10) & CHAR(10), TRUE, IFERROR(FILTER(WSO!H11, LEN(WSO!H11)), """"), IFERROR(FILTER(MSO!H11, LEN(MSO!H11)), """"), IFERROR(FILTER(FH!H11, LEN(FH!H11)), """"), IFERROR(FILTER(MGOLF!H11, LEN(MGOLF!H11)), """"), IFERROR(FILTER(Foo"&"tball!H11, LEN(Football!H11)), """"), IFERROR(FILTER(WVB!H11, LEN(WVB!H11)), """"), IFERROR(FILTER(XC!H11, LEN(XC!H11)), """"), IFERROR(FILTER(SWIMMING!H11, LEN(SWIMMING!H11)), """"), IFERROR(FILTER(WTEN!H11, LEN(WTEN!H11)), """"), IFERROR(FILTE"&"R(TF!H11, LEN(TF!H11)), """"), IFERROR(FILTER(WGOLF!H11, LEN(WGOLF!H11)), """"), IFERROR(FILTER(WBB!H11, LEN(WBB!H11)), """"), IFERROR(FILTER(MBB!H11, LEN(MBB!H11)), """"), IFERROR(FILTER(WLAX!H11, LEN(WLAX!H11)), """"), IFERROR(FILTER(MLAX!H11,"&" LEN(MLAX!H11)), """"), IFERROR(FILTER(SOFT!H11, LEN(SOFT!H11)), """"), IFERROR(FILTER(BASE!H11, LEN(BASE!H11)), """"), IFERROR(FILTER(ESPORTS!H11, LEN(ESPORTS!H11)), """") ) "),"") | I11: =IFERROR(__xludf.DUMMYFUNCTION("TEXTJOIN( CHAR(10) & CHAR(10), TRUE, IFERROR(ARRAYFORMULA(TEXT(FILTER(WSO!F11, LEN(WSO!F11)), ""h:mm AM/PM"")), """"), IFERROR(ARRAYFORMULA(TEXT(FILTER(MSO!F11, LEN(MSO!F11)), ""h:mm AM/PM"")), """"), IFERROR(ARRAYFORMULA(TEXT(FILTER(FH!F11, LEN"&"(FH!F11)), ""h:mm AM/PM"")), """"), IFERROR(ARRAYFORMULA(TEXT(FILTER(MGOLF!F11, LEN(MGOLF!F11)), ""h:mm AM/PM"")), """"), IFERROR(ARRAYFORMULA(TEXT(FILTER(Football!F11, LEN(Football!F11)), ""h:mm AM/PM"")), """"), IFERROR(ARRAYFORMULA(TEXT(FILTER(WV"&"B!F11, LEN(WVB!F11)), ""h:mm AM/PM"")), """"), IFERROR(ARRAYFORMULA(TEXT(FILTER(XC!F11, LEN(XC!F11)), ""h:mm AM/PM"")), """"), IFERROR(ARRAYFORMULA(TEXT(FILTER(SWIMMING!F11, LEN(SWIMMING!F11)), ""h:mm AM/PM"")), """"), IFERROR(ARRAYFORMULA(TEXT(FILT"&"ER(WTEN!F11, LEN(WTEN!F11)), ""h:mm AM/PM"")), """"), IFERROR(ARRAYFORMULA(TEXT(FILTER(TF!F11, LEN(TF!F11)), ""h:mm AM/PM"")), """"), IFERROR(ARRAYFORMULA(TEXT(FILTER(WGOLF!F11, LEN(WGOLF!F11)), ""h:mm AM/PM"")), """"), IFERROR(ARRAYFORMULA(TEXT(FIL"&"TER(WBB!F11, LEN(WBB!F11)), ""h:mm AM/PM"")), """"), IFERROR(ARRAYFORMULA(TEXT(FILTER(MBB!F11, LEN(MBB!F11)), ""h:mm AM/PM"")), """"), IFERROR(ARRAYFORMULA(TEXT(FILTER(WLAX!F11, LEN(WLAX!F11)), ""h:mm AM/PM"")), """"), IFERROR(ARRAYFORMULA(TEXT(FILT"&"ER(MLAX!F11, LEN(MLAX!F11)), ""h:mm AM/PM"")), """"), IFERROR(ARRAYFORMULA(TEXT(FILTER(SOFT!F11, LEN(SOFT!F11)), ""h:mm AM/PM"")), """"), IFERROR(ARRAYFORMULA(TEXT(FILTER(BASE!F11, LEN(BASE!F11)), ""h:mm AM/PM"")), """"), IFERROR(ARRAYFORMULA(TEXT(F"&"ILTER(ESPORTS!F11, LEN(ESPORTS!F11)), ""h:mm AM/PM"")), """") ) "),"") | J11: =IFERROR(__xludf.DUMMYFUNCTION("IFERROR( TEXTJOIN( CHAR(10) & CHAR(10), TRUE, FILTER( FLATTEN({ WSO!P11; MSO!P11; FH!P11; MGOLF!P11; Football!P11; WVB!P11; XC!P11; SWIMMING!P11; WTEN!P11; TF!P11; "&" WGOLF!P11; WBB!P11; MBB!P11; WLAX!P11; MLAX!P11; SOFT!P11; BASE!P11; ESPORTS!P11 }), (FLATTEN({ WSO!P11; MSO!P11; FH!P11; MGOLF!P11; Football!P11; WVB!P1"&"1; XC!P11; SWIMMING!P11; WTEN!P11; TF!P11; WGOLF!P11; WBB!P11; MBB!P11; WLAX!P11; MLAX!P11; SOFT!P11; BASE!P11; ESPORTS!P11 }) <> """") * (FLATTEN({ WSO!P"&"11; MSO!P11; FH!P11; MGOLF!P11; Football!P11; WVB!P11; XC!P11; SWIMMING!P11; WTEN!P11; TF!P11; WGOLF!P11; WBB!P11; MBB!P11; WLAX!P11; MLAX!P11; SOFT!P"&"11; BASE!P11; ESPORTS!P11 }) <> ""Status"") ) ), """" ) "),"")
A12: 11 | C12: 46245 | D12: =text(C12,"dddd") -> Tuesday | E12: =TEXTJOIN( CHAR(10) & CHAR(10), TRUE, IFERROR(WSO!E12, ""), IFERROR(MSO!E12, ""), IFERROR(FH!E12, ""), IFERROR(MGOLF!E12, ""), IFERROR(Football!E12, ""), IFERROR(WVB!E12, ""), IFERROR(XC!E12, ""), IFERROR(SWIMMING!E12, ""), IFERROR(WTEN!E12, ""), IFERROR(TF!E12, ""), IFERROR(WGOLF!E12, ""), IFERROR(WBB!E12, ""), IFERROR(MBB!E12, ""), IFERROR(WLAX!E12, ""), IFERROR(MLAX!E12, ""), IFERROR(SOFT!E12, ""), IFERROR(BASE!E12, ""), IFERROR(ESPORTS!E12, "") ) | F12: =IFERROR(__xludf.DUMMYFUNCTION("TEXTJOIN( CHAR(10) & CHAR(10), TRUE, IFERROR(TEXT(FILTER(WSO!F12, LEN(WSO!F12)), ""h:mm AM/PM""), """"), IFERROR(TEXT(FILTER(MSO!F12, LEN(MSO!F12)), ""h:mm AM/PM""), """"), IFERROR(TEXT(FILTER(FH!F12, LEN(FH!F12)), ""h:mm AM/PM""), """"), IFER"&"ROR(TEXT(FILTER(MGOLF!F12, LEN(MGOLF!F12)), ""h:mm AM/PM""), """"), IFERROR(TEXT(FILTER(Football!F12, LEN(Football!F12)), ""h:mm AM/PM""), """"), IFERROR(TEXT(FILTER(WVB!F12, LEN(WVB!F12)), ""h:mm AM/PM""), """"), IFERROR(TEXT(FILTER(XC!F12, LEN(XC!"&"F12)), ""h:mm AM/PM""), """"), IFERROR(TEXT(FILTER(SWIMMING!F12, LEN(SWIMMING!F12)), ""h:mm AM/PM""), """"), IFERROR(TEXT(FILTER(WTEN!F12, LEN(WTEN!F12)), ""h:mm AM/PM""), """"), IFERROR(TEXT(FILTER(TF!F12, LEN(TF!F12)), ""h:mm AM/PM""), """"), IF"&"ERROR(TEXT(FILTER(WGOLF!F12, LEN(WGOLF!F12)), ""h:mm AM/PM""), """"), IFERROR(TEXT(FILTER(WBB!F12, LEN(WBB!F12)), ""h:mm AM/PM""), """"), IFERROR(TEXT(FILTER(MBB!F12, LEN(MBB!F12)), ""h:mm AM/PM""), """"), IFERROR(TEXT(FILTER(WLAX!F12, LEN(WLAX!F12)"&"), ""h:mm AM/PM""), """"), IFERROR(TEXT(FILTER(MLAX!F12, LEN(MLAX!F12)), ""h:mm AM/PM""), """"), IFERROR(TEXT(FILTER(SOFT!F12, LEN(SOFT!F12)), ""h:mm AM/PM""), """"), IFERROR(TEXT(FILTER(BASE!F12, LEN(BASE!F12)), ""h:mm AM/PM""), """"), IFERROR(TE"&"XT(FILTER(ESPORTS!F12, LEN(ESPORTS!F12)), ""h:mm AM/PM""), """") ) "),"") | G12: =IFERROR(__xludf.DUMMYFUNCTION("TEXTJOIN( CHAR(10) & CHAR(10), TRUE, IFERROR(FILTER(WSO!G12, LEN(WSO!G12)), """"), IFERROR(FILTER(MSO!G12, LEN(MSO!G12)), """"), IFERROR(FILTER(FH!G12, LEN(FH!G12)), """"), IFERROR(FILTER(MGOLF!G12, LEN(MGOLF!G12)), """"), IFERROR(FILTER(Foo"&"tball!G12, LEN(Football!G12)), """"), IFERROR(FILTER(WVB!G12, LEN(WVB!G12)), """"), IFERROR(FILTER(XC!G12, LEN(XC!G12)), """"), IFERROR(FILTER(SWIMMING!G12, LEN(SWIMMING!G12)), """"), IFERROR(FILTER(WTEN!G12, LEN(WTEN!G12)), """"), IFERROR(FILTE"&"R(TF!G12, LEN(TF!G12)), """"), IFERROR(FILTER(WGOLF!G12:G1000, LEN(WGOLF!G12)), """"), IFERROR(FILTER(WBB!G12, LEN(WBB!G12)), """"), IFERROR(FILTER(MBB!G12, LEN(MBB!G12)), """"), IFERROR(FILTER(WLAX!G12, LEN(WLAX!G12)), """"), IFERROR(FILTER(MLA"&"X!G12, LEN(MLAX!G12)), """"), IFERROR(FILTER(SOFT!G12, LEN(SOFT!G12)), """"), IFERROR(FILTER(BASE!G12, LEN(BASE!G12)), """"), IFERROR(FILTER(ESPORTS!G12, LEN(ESPORTS!G12)), """") ) "),"") | H12: =IFERROR(__xludf.DUMMYFUNCTION("TEXTJOIN( CHAR(10) & CHAR(10), TRUE, IFERROR(FILTER(WSO!H12, LEN(WSO!H12)), """"), IFERROR(FILTER(MSO!H12, LEN(MSO!H12)), """"), IFERROR(FILTER(FH!H12, LEN(FH!H12)), """"), IFERROR(FILTER(MGOLF!H12, LEN(MGOLF!H12)), """"), IFERROR(FILTER(Foo"&"tball!H12, LEN(Football!H12)), """"), IFERROR(FILTER(WVB!H12, LEN(WVB!H12)), """"), IFERROR(FILTER(XC!H12, LEN(XC!H12)), """"), IFERROR(FILTER(SWIMMING!H12, LEN(SWIMMING!H12)), """"), IFERROR(FILTER(WTEN!H12, LEN(WTEN!H12)), """"), IFERROR(FILTE"&"R(TF!H12, LEN(TF!H12)), """"), IFERROR(FILTER(WGOLF!H12, LEN(WGOLF!H12)), """"), IFERROR(FILTER(WBB!H12, LEN(WBB!H12)), """"), IFERROR(FILTER(MBB!H12, LEN(MBB!H12)), """"), IFERROR(FILTER(WLAX!H12, LEN(WLAX!H12)), """"), IFERROR(FILTER(MLAX!H12,"&" LEN(MLAX!H12)), """"), IFERROR(FILTER(SOFT!H12, LEN(SOFT!H12)), """"), IFERROR(FILTER(BASE!H12, LEN(BASE!H12)), """"), IFERROR(FILTER(ESPORTS!H12, LEN(ESPORTS!H12)), """") ) "),"") | I12: =IFERROR(__xludf.DUMMYFUNCTION("TEXTJOIN( CHAR(10) & CHAR(10), TRUE, IFERROR(ARRAYFORMULA(TEXT(FILTER(WSO!F12, LEN(WSO!F12)), ""h:mm AM/PM"")), """"), IFERROR(ARRAYFORMULA(TEXT(FILTER(MSO!F12, LEN(MSO!F12)), ""h:mm AM/PM"")), """"), IFERROR(ARRAYFORMULA(TEXT(FILTER(FH!F12, LEN"&"(FH!F12)), ""h:mm AM/PM"")), """"), IFERROR(ARRAYFORMULA(TEXT(FILTER(MGOLF!F12, LEN(MGOLF!F12)), ""h:mm AM/PM"")), """"), IFERROR(ARRAYFORMULA(TEXT(FILTER(Football!F12, LEN(Football!F12)), ""h:mm AM/PM"")), """"), IFERROR(ARRAYFORMULA(TEXT(FILTER(WV"&"B!F12, LEN(WVB!F12)), ""h:mm AM/PM"")), """"), IFERROR(ARRAYFORMULA(TEXT(FILTER(XC!F12, LEN(XC!F12)), ""h:mm AM/PM"")), """"), IFERROR(ARRAYFORMULA(TEXT(FILTER(SWIMMING!F12, LEN(SWIMMING!F12)), ""h:mm AM/PM"")), """"), IFERROR(ARRAYFORMULA(TEXT(FILT"&"ER(WTEN!F12, LEN(WTEN!F12)), ""h:mm AM/PM"")), """"), IFERROR(ARRAYFORMULA(TEXT(FILTER(TF!F12, LEN(TF!F12)), ""h:mm AM/PM"")), """"), IFERROR(ARRAYFORMULA(TEXT(FILTER(WGOLF!F12, LEN(WGOLF!F12)), ""h:mm AM/PM"")), """"), IFERROR(ARRAYFORMULA(TEXT(FIL"&"TER(WBB!F12, LEN(WBB!F12)), ""h:mm AM/PM"")), """"), IFERROR(ARRAYFORMULA(TEXT(FILTER(MBB!F12, LEN(MBB!F12)), ""h:mm AM/PM"")), """"), IFERROR(ARRAYFORMULA(TEXT(FILTER(WLAX!F12, LEN(WLAX!F12)), ""h:mm AM/PM"")), """"), IFERROR(ARRAYFORMULA(TEXT(FILT"&"ER(MLAX!F12, LEN(MLAX!F12)), ""h:mm AM/PM"")), """"), IFERROR(ARRAYFORMULA(TEXT(FILTER(SOFT!F12, LEN(SOFT!F12)), ""h:mm AM/PM"")), """"), IFERROR(ARRAYFORMULA(TEXT(FILTER(BASE!F12, LEN(BASE!F12)), ""h:mm AM/PM"")), """"), IFERROR(ARRAYFORMULA(TEXT(F"&"ILTER(ESPORTS!F12, LEN(ESPORTS!F12)), ""h:mm AM/PM"")), """") ) "),"") | J12: =IFERROR(__xludf.DUMMYFUNCTION("IFERROR( TEXTJOIN( CHAR(10) & CHAR(10), TRUE, FILTER( FLATTEN({ WSO!P12; MSO!P12; FH!P12; MGOLF!P12; Football!P12; WVB!P12; XC!P12; SWIMMING!P12; WTEN!P12; TF!P12; "&" WGOLF!P12; WBB!P12; MBB!P12; WLAX!P12; MLAX!P12; SOFT!P12; BASE!P12; ESPORTS!P12 }), (FLATTEN({ WSO!P12; MSO!P12; FH!P12; MGOLF!P12; Football!P12; WVB!P1"&"2; XC!P12; SWIMMING!P12; WTEN!P12; TF!P12; WGOLF!P12; WBB!P12; MBB!P12; WLAX!P12; MLAX!P12; SOFT!P12; BASE!P12; ESPORTS!P12 }) <> """") * (FLATTEN({ WSO!P"&"12; MSO!P12; FH!P12; MGOLF!P12; Football!P12; WVB!P12; XC!P12; SWIMMING!P12; WTEN!P12; TF!P12; WGOLF!P12; WBB!P12; MBB!P12; WLAX!P12; MLAX!P12; SOFT!P"&"12; BASE!P12; ESPORTS!P12 }) <> ""Status"") ) ), """" ) "),"")
A13: 12 | C13: 46246 | D13: =text(C13,"dddd") -> Wednesday | E13: =TEXTJOIN( CHAR(10) & CHAR(10), TRUE, IFERROR(WSO!E13, ""), IFERROR(MSO!E13, ""), IFERROR(FH!E13, ""), IFERROR(MGOLF!E13, ""), IFERROR(Football!E13, ""), IFERROR(WVB!E13, ""), IFERROR(XC!E13, ""), IFERROR(SWIMMING!E13, ""), IFERROR(WTEN!E13, ""), IFERROR(TF!E13, ""), IFERROR(WGOLF!E13, ""), IFERROR(WBB!E13, ""), IFERROR(MBB!E13, ""), IFERROR(WLAX!E13, ""), IFERROR(MLAX!E13, ""), IFERROR(SOFT!E13, ""), IFERROR(BASE!E13, ""), IFERROR(ESPORTS!E13, "") ) | F13: =IFERROR(__xludf.DUMMYFUNCTION("TEXTJOIN( CHAR(10) & CHAR(10), TRUE, IFERROR(TEXT(FILTER(WSO!F13, LEN(WSO!F13)), ""h:mm AM/PM""), """"), IFERROR(TEXT(FILTER(MSO!F13, LEN(MSO!F13)), ""h:mm AM/PM""), """"), IFERROR(TEXT(FILTER(FH!F13, LEN(FH!F13)), ""h:mm AM/PM""), """"), IFER"&"ROR(TEXT(FILTER(MGOLF!F13, LEN(MGOLF!F13)), ""h:mm AM/PM""), """"), IFERROR(TEXT(FILTER(Football!F13, LEN(Football!F13)), ""h:mm AM/PM""), """"), IFERROR(TEXT(FILTER(WVB!F13, LEN(WVB!F13)), ""h:mm AM/PM""), """"), IFERROR(TEXT(FILTER(XC!F13, LEN(XC!"&"F13)), ""h:mm AM/PM""), """"), IFERROR(TEXT(FILTER(SWIMMING!F13, LEN(SWIMMING!F13)), ""h:mm AM/PM""), """"), IFERROR(TEXT(FILTER(WTEN!F13, LEN(WTEN!F13)), ""h:mm AM/PM""), """"), IFERROR(TEXT(FILTER(TF!F13, LEN(TF!F13)), ""h:mm AM/PM""), """"), IF"&"ERROR(TEXT(FILTER(WGOLF!F13, LEN(WGOLF!F13)), ""h:mm AM/PM""), """"), IFERROR(TEXT(FILTER(WBB!F13, LEN(WBB!F13)), ""h:mm AM/PM""), """"), IFERROR(TEXT(FILTER(MBB!F13, LEN(MBB!F13)), ""h:mm AM/PM""), """"), IFERROR(TEXT(FILTER(WLAX!F13, LEN(WLAX!F13)"&"), ""h:mm AM/PM""), """"), IFERROR(TEXT(FILTER(MLAX!F13, LEN(MLAX!F13)), ""h:mm AM/PM""), """"), IFERROR(TEXT(FILTER(SOFT!F13, LEN(SOFT!F13)), ""h:mm AM/PM""), """"), IFERROR(TEXT(FILTER(BASE!F13, LEN(BASE!F13)), ""h:mm AM/PM""), """"), IFERROR(TE"&"XT(FILTER(ESPORTS!F13, LEN(ESPORTS!F13)), ""h:mm AM/PM""), """") ) "),"") | G13: =IFERROR(__xludf.DUMMYFUNCTION("TEXTJOIN( CHAR(10) & CHAR(10), TRUE, IFERROR(FILTER(WSO!G13, LEN(WSO!G13)), """"), IFERROR(FILTER(MSO!G13, LEN(MSO!G13)), """"), IFERROR(FILTER(FH!G13, LEN(FH!G13)), """"), IFERROR(FILTER(MGOLF!G13, LEN(MGOLF!G13)), """"), IFERROR(FILTER(Foo"&"tball!G13, LEN(Football!G13)), """"), IFERROR(FILTER(WVB!G13, LEN(WVB!G13)), """"), IFERROR(FILTER(XC!G13, LEN(XC!G13)), """"), IFERROR(FILTER(SWIMMING!G13, LEN(SWIMMING!G13)), """"), IFERROR(FILTER(WTEN!G13, LEN(WTEN!G13)), """"), IFERROR(FILTE"&"R(TF!G13, LEN(TF!G13)), """"), IFERROR(FILTER(WGOLF!G13:G1000, LEN(WGOLF!G13)), """"), IFERROR(FILTER(WBB!G13, LEN(WBB!G13)), """"), IFERROR(FILTER(MBB!G13, LEN(MBB!G13)), """"), IFERROR(FILTER(WLAX!G13, LEN(WLAX!G13)), """"), IFERROR(FILTER(MLA"&"X!G13, LEN(MLAX!G13)), """"), IFERROR(FILTER(SOFT!G13, LEN(SOFT!G13)), """"), IFERROR(FILTER(BASE!G13, LEN(BASE!G13)), """"), IFERROR(FILTER(ESPORTS!G13, LEN(ESPORTS!G13)), """") ) "),"") | H13: =IFERROR(__xludf.DUMMYFUNCTION("TEXTJOIN( CHAR(10) & CHAR(10), TRUE, IFERROR(FILTER(WSO!H13, LEN(WSO!H13)), """"), IFERROR(FILTER(MSO!H13, LEN(MSO!H13)), """"), IFERROR(FILTER(FH!H13, LEN(FH!H13)), """"), IFERROR(FILTER(MGOLF!H13, LEN(MGOLF!H13)), """"), IFERROR(FILTER(Foo"&"tball!H13, LEN(Football!H13)), """"), IFERROR(FILTER(WVB!H13, LEN(WVB!H13)), """"), IFERROR(FILTER(XC!H13, LEN(XC!H13)), """"), IFERROR(FILTER(SWIMMING!H13, LEN(SWIMMING!H13)), """"), IFERROR(FILTER(WTEN!H13, LEN(WTEN!H13)), """"), IFERROR(FILTE"&"R(TF!H13, LEN(TF!H13)), """"), IFERROR(FILTER(WGOLF!H13, LEN(WGOLF!H13)), """"), IFERROR(FILTER(WBB!H13, LEN(WBB!H13)), """"), IFERROR(FILTER(MBB!H13, LEN(MBB!H13)), """"), IFERROR(FILTER(WLAX!H13, LEN(WLAX!H13)), """"), IFERROR(FILTER(MLAX!H13,"&" LEN(MLAX!H13)), """"), IFERROR(FILTER(SOFT!H13, LEN(SOFT!H13)), """"), IFERROR(FILTER(BASE!H13, LEN(BASE!H13)), """"), IFERROR(FILTER(ESPORTS!H13, LEN(ESPORTS!H13)), """") ) "),"") | I13: =IFERROR(__xludf.DUMMYFUNCTION("TEXTJOIN( CHAR(10) & CHAR(10), TRUE, IFERROR(ARRAYFORMULA(TEXT(FILTER(WSO!F13, LEN(WSO!F13)), ""h:mm AM/PM"")), """"), IFERROR(ARRAYFORMULA(TEXT(FILTER(MSO!F13, LEN(MSO!F13)), ""h:mm AM/PM"")), """"), IFERROR(ARRAYFORMULA(TEXT(FILTER(FH!F13, LEN"&"(FH!F13)), ""h:mm AM/PM"")), """"), IFERROR(ARRAYFORMULA(TEXT(FILTER(MGOLF!F13, LEN(MGOLF!F13)), ""h:mm AM/PM"")), """"), IFERROR(ARRAYFORMULA(TEXT(FILTER(Football!F13, LEN(Football!F13)), ""h:mm AM/PM"")), """"), IFERROR(ARRAYFORMULA(TEXT(FILTER(WV"&"B!F13, LEN(WVB!F13)), ""h:mm AM/PM"")), """"), IFERROR(ARRAYFORMULA(TEXT(FILTER(XC!F13, LEN(XC!F13)), ""h:mm AM/PM"")), """"), IFERROR(ARRAYFORMULA(TEXT(FILTER(SWIMMING!F13, LEN(SWIMMING!F13)), ""h:mm AM/PM"")), """"), IFERROR(ARRAYFORMULA(TEXT(FILT"&"ER(WTEN!F13, LEN(WTEN!F13)), ""h:mm AM/PM"")), """"), IFERROR(ARRAYFORMULA(TEXT(FILTER(TF!F13, LEN(TF!F13)), ""h:mm AM/PM"")), """"), IFERROR(ARRAYFORMULA(TEXT(FILTER(WGOLF!F13, LEN(WGOLF!F13)), ""h:mm AM/PM"")), """"), IFERROR(ARRAYFORMULA(TEXT(FIL"&"TER(WBB!F13, LEN(WBB!F13)), ""h:mm AM/PM"")), """"), IFERROR(ARRAYFORMULA(TEXT(FILTER(MBB!F13, LEN(MBB!F13)), ""h:mm AM/PM"")), """"), IFERROR(ARRAYFORMULA(TEXT(FILTER(WLAX!F13, LEN(WLAX!F13)), ""h:mm AM/PM"")), """"), IFERROR(ARRAYFORMULA(TEXT(FILT"&"ER(MLAX!F13, LEN(MLAX!F13)), ""h:mm AM/PM"")), """"), IFERROR(ARRAYFORMULA(TEXT(FILTER(SOFT!F13, LEN(SOFT!F13)), ""h:mm AM/PM"")), """"), IFERROR(ARRAYFORMULA(TEXT(FILTER(BASE!F13, LEN(BASE!F13)), ""h:mm AM/PM"")), """"), IFERROR(ARRAYFORMULA(TEXT(F"&"ILTER(ESPORTS!F13, LEN(ESPORTS!F13)), ""h:mm AM/PM"")), """") ) "),"") | J13: =IFERROR(__xludf.DUMMYFUNCTION("IFERROR( TEXTJOIN( CHAR(10) & CHAR(10), TRUE, FILTER( FLATTEN({ WSO!P13; MSO!P13; FH!P13; MGOLF!P13; Football!P13; WVB!P13; XC!P13; SWIMMING!P13; WTEN!P13; TF!P13; "&" WGOLF!P13; WBB!P13; MBB!P13; WLAX!P13; MLAX!P13; SOFT!P13; BASE!P13; ESPORTS!P13 }), (FLATTEN({ WSO!P13; MSO!P13; FH!P13; MGOLF!P13; Football!P13; WVB!P1"&"3; XC!P13; SWIMMING!P13; WTEN!P13; TF!P13; WGOLF!P13; WBB!P13; MBB!P13; WLAX!P13; MLAX!P13; SOFT!P13; BASE!P13; ESPORTS!P13 }) <> """") * (FLATTEN({ WSO!P"&"13; MSO!P13; FH!P13; MGOLF!P13; Football!P13; WVB!P13; XC!P13; SWIMMING!P13; WTEN!P13; TF!P13; WGOLF!P13; WBB!P13; MBB!P13; WLAX!P13; MLAX!P13; SOFT!P"&"13; BASE!P13; ESPORTS!P13 }) <> ""Status"") ) ), """" ) "),"")
A14: 13 | C14: 46247 | D14: =text(C14,"dddd") -> Thursday | E14: =TEXTJOIN( CHAR(10) & CHAR(10), TRUE, IFERROR(WSO!E14, ""), IFERROR(MSO!E14, ""), IFERROR(FH!E14, ""), IFERROR(MGOLF!E14, ""), IFERROR(Football!E14, ""), IFERROR(WVB!E14, ""), IFERROR(XC!E14, ""), IFERROR(SWIMMING!E14, ""), IFERROR(WTEN!E14, ""), IFERROR(TF!E14, ""), IFERROR(WGOLF!E14, ""), IFERROR(WBB!E14, ""), IFERROR(MBB!E14, ""), IFERROR(WLAX!E14, ""), IFERROR(MLAX!E14, ""), IFERROR(SOFT!E14, ""), IFERROR(BASE!E14, ""), IFERROR(ESPORTS!E14, "") ) | F14: =IFERROR(__xludf.DUMMYFUNCTION("TEXTJOIN( CHAR(10) & CHAR(10), TRUE, IFERROR(TEXT(FILTER(WSO!F14, LEN(WSO!F14)), ""h:mm AM/PM""), """"), IFERROR(TEXT(FILTER(MSO!F14, LEN(MSO!F14)), ""h:mm AM/PM""), """"), IFERROR(TEXT(FILTER(FH!F14, LEN(FH!F14)), ""h:mm AM/PM""), """"), IFER"&"ROR(TEXT(FILTER(MGOLF!F14, LEN(MGOLF!F14)), ""h:mm AM/PM""), """"), IFERROR(TEXT(FILTER(Football!F14, LEN(Football!F14)), ""h:mm AM/PM""), """"), IFERROR(TEXT(FILTER(WVB!F14, LEN(WVB!F14)), ""h:mm AM/PM""), """"), IFERROR(TEXT(FILTER(XC!F14, LEN(XC!"&"F14)), ""h:mm AM/PM""), """"), IFERROR(TEXT(FILTER(SWIMMING!F14, LEN(SWIMMING!F14)), ""h:mm AM/PM""), """"), IFERROR(TEXT(FILTER(WTEN!F14, LEN(WTEN!F14)), ""h:mm AM/PM""), """"), IFERROR(TEXT(FILTER(TF!F14, LEN(TF!F14)), ""h:mm AM/PM""), """"), IF"&"ERROR(TEXT(FILTER(WGOLF!F14, LEN(WGOLF!F14)), ""h:mm AM/PM""), """"), IFERROR(TEXT(FILTER(WBB!F14, LEN(WBB!F14)), ""h:mm AM/PM""), """"), IFERROR(TEXT(FILTER(MBB!F14, LEN(MBB!F14)), ""h:mm AM/PM""), """"), IFERROR(TEXT(FILTER(WLAX!F14, LEN(WLAX!F14)"&"), ""h:mm AM/PM""), """"), IFERROR(TEXT(FILTER(MLAX!F14, LEN(MLAX!F14)), ""h:mm AM/PM""), """"), IFERROR(TEXT(FILTER(SOFT!F14, LEN(SOFT!F14)), ""h:mm AM/PM""), """"), IFERROR(TEXT(FILTER(BASE!F14, LEN(BASE!F14)), ""h:mm AM/PM""), """"), IFERROR(TE"&"XT(FILTER(ESPORTS!F14, LEN(ESPORTS!F14)), ""h:mm AM/PM""), """") ) "),"") | G14: =IFERROR(__xludf.DUMMYFUNCTION("TEXTJOIN( CHAR(10) & CHAR(10), TRUE, IFERROR(FILTER(WSO!G14, LEN(WSO!G14)), """"), IFERROR(FILTER(MSO!G14, LEN(MSO!G14)), """"), IFERROR(FILTER(FH!G14, LEN(FH!G14)), """"), IFERROR(FILTER(MGOLF!G14, LEN(MGOLF!G14)), """"), IFERROR(FILTER(Foo"&"tball!G14, LEN(Football!G14)), """"), IFERROR(FILTER(WVB!G14, LEN(WVB!G14)), """"), IFERROR(FILTER(XC!G14, LEN(XC!G14)), """"), IFERROR(FILTER(SWIMMING!G14, LEN(SWIMMING!G14)), """"), IFERROR(FILTER(WTEN!G14, LEN(WTEN!G14)), """"), IFERROR(FILTE"&"R(TF!G14, LEN(TF!G14)), """"), IFERROR(FILTER(WGOLF!G14:G1000, LEN(WGOLF!G14)), """"), IFERROR(FILTER(WBB!G14, LEN(WBB!G14)), """"), IFERROR(FILTER(MBB!G14, LEN(MBB!G14)), """"), IFERROR(FILTER(WLAX!G14, LEN(WLAX!G14)), """"), IFERROR(FILTER(MLA"&"X!G14, LEN(MLAX!G14)), """"), IFERROR(FILTER(SOFT!G14, LEN(SOFT!G14)), """"), IFERROR(FILTER(BASE!G14, LEN(BASE!G14)), """"), IFERROR(FILTER(ESPORTS!G14, LEN(ESPORTS!G14)), """") ) "),"") | H14: =IFERROR(__xludf.DUMMYFUNCTION("TEXTJOIN( CHAR(10) & CHAR(10), TRUE, IFERROR(FILTER(WSO!H14, LEN(WSO!H14)), """"), IFERROR(FILTER(MSO!H14, LEN(MSO!H14)), """"), IFERROR(FILTER(FH!H14, LEN(FH!H14)), """"), IFERROR(FILTER(MGOLF!H14, LEN(MGOLF!H14)), """"), IFERROR(FILTER(Foo"&"tball!H14, LEN(Football!H14)), """"), IFERROR(FILTER(WVB!H14, LEN(WVB!H14)), """"), IFERROR(FILTER(XC!H14, LEN(XC!H14)), """"), IFERROR(FILTER(SWIMMING!H14, LEN(SWIMMING!H14)), """"), IFERROR(FILTER(WTEN!H14, LEN(WTEN!H14)), """"), IFERROR(FILTE"&"R(TF!H14, LEN(TF!H14)), """"), IFERROR(FILTER(WGOLF!H14, LEN(WGOLF!H14)), """"), IFERROR(FILTER(WBB!H14, LEN(WBB!H14)), """"), IFERROR(FILTER(MBB!H14, LEN(MBB!H14)), """"), IFERROR(FILTER(WLAX!H14, LEN(WLAX!H14)), """"), IFERROR(FILTER(MLAX!H14,"&" LEN(MLAX!H14)), """"), IFERROR(FILTER(SOFT!H14, LEN(SOFT!H14)), """"), IFERROR(FILTER(BASE!H14, LEN(BASE!H14)), """"), IFERROR(FILTER(ESPORTS!H14, LEN(ESPORTS!H14)), """") ) "),"") | I14: =IFERROR(__xludf.DUMMYFUNCTION("TEXTJOIN( CHAR(10) & CHAR(10), TRUE, IFERROR(ARRAYFORMULA(TEXT(FILTER(WSO!F14, LEN(WSO!F14)), ""h:mm AM/PM"")), """"), IFERROR(ARRAYFORMULA(TEXT(FILTER(MSO!F14, LEN(MSO!F14)), ""h:mm AM/PM"")), """"), IFERROR(ARRAYFORMULA(TEXT(FILTER(FH!F14, LEN"&"(FH!F14)), ""h:mm AM/PM"")), """"), IFERROR(ARRAYFORMULA(TEXT(FILTER(MGOLF!F14, LEN(MGOLF!F14)), ""h:mm AM/PM"")), """"), IFERROR(ARRAYFORMULA(TEXT(FILTER(Football!F14, LEN(Football!F14)), ""h:mm AM/PM"")), """"), IFERROR(ARRAYFORMULA(TEXT(FILTER(WV"&"B!F14, LEN(WVB!F14)), ""h:mm AM/PM"")), """"), IFERROR(ARRAYFORMULA(TEXT(FILTER(XC!F14, LEN(XC!F14)), ""h:mm AM/PM"")), """"), IFERROR(ARRAYFORMULA(TEXT(FILTER(SWIMMING!F14, LEN(SWIMMING!F14)), ""h:mm AM/PM"")), """"), IFERROR(ARRAYFORMULA(TEXT(FILT"&"ER(WTEN!F14, LEN(WTEN!F14)), ""h:mm AM/PM"")), """"), IFERROR(ARRAYFORMULA(TEXT(FILTER(TF!F14, LEN(TF!F14)), ""h:mm AM/PM"")), """"), IFERROR(ARRAYFORMULA(TEXT(FILTER(WGOLF!F14, LEN(WGOLF!F14)), ""h:mm AM/PM"")), """"), IFERROR(ARRAYFORMULA(TEXT(FIL"&"TER(WBB!F14, LEN(WBB!F14)), ""h:mm AM/PM"")), """"), IFERROR(ARRAYFORMULA(TEXT(FILTER(MBB!F14, LEN(MBB!F14)), ""h:mm AM/PM"")), """"), IFERROR(ARRAYFORMULA(TEXT(FILTER(WLAX!F14, LEN(WLAX!F14)), ""h:mm AM/PM"")), """"), IFERROR(ARRAYFORMULA(TEXT(FILT"&"ER(MLAX!F14, LEN(MLAX!F14)), ""h:mm AM/PM"")), """"), IFERROR(ARRAYFORMULA(TEXT(FILTER(SOFT!F14, LEN(SOFT!F14)), ""h:mm AM/PM"")), """"), IFERROR(ARRAYFORMULA(TEXT(FILTER(BASE!F14, LEN(BASE!F14)), ""h:mm AM/PM"")), """"), IFERROR(ARRAYFORMULA(TEXT(F"&"ILTER(ESPORTS!F14, LEN(ESPORTS!F14)), ""h:mm AM/PM"")), """") ) "),"") | J14: =IFERROR(__xludf.DUMMYFUNCTION("IFERROR( TEXTJOIN( CHAR(10) & CHAR(10), TRUE, FILTER( FLATTEN({ WSO!P14; MSO!P14; FH!P14; MGOLF!P14; Football!P14; WVB!P14; XC!P14; SWIMMING!P14; WTEN!P14; TF!P14; "&" WGOLF!P14; WBB!P14; MBB!P14; WLAX!P14; MLAX!P14; SOFT!P14; BASE!P14; ESPORTS!P14 }), (FLATTEN({ WSO!P14; MSO!P14; FH!P14; MGOLF!P14; Football!P14; WVB!P1"&"4; XC!P14; SWIMMING!P14; WTEN!P14; TF!P14; WGOLF!P14; WBB!P14; MBB!P14; WLAX!P14; MLAX!P14; SOFT!P14; BASE!P14; ESPORTS!P14 }) <> """") * (FLATTEN({ WSO!P"&"14; MSO!P14; FH!P14; MGOLF!P14; Football!P14; WVB!P14; XC!P14; SWIMMING!P14; WTEN!P14; TF!P14; WGOLF!P14; WBB!P14; MBB!P14; WLAX!P14; MLAX!P14; SOFT!P"&"14; BASE!P14; ESPORTS!P14 }) <> ""Status"") ) ), """" ) "),"")
A15: 14 | C15: 46248 | D15: =text(C15,"dddd") -> Friday | E15: =TEXTJOIN( CHAR(10) & CHAR(10), TRUE, IFERROR(WSO!E15, ""), IFERROR(MSO!E15, ""), IFERROR(FH!E15, ""), IFERROR(MGOLF!E15, ""), IFERROR(Football!E15, ""), IFERROR(WVB!E15, ""), IFERROR(XC!E15, ""), IFERROR(SWIMMING!E15, ""), IFERROR(WTEN!E15, ""), IFERROR(TF!E15, ""), IFERROR(WGOLF!E15, ""), IFERROR(WBB!E15, ""), IFERROR(MBB!E15, ""), IFERROR(WLAX!E15, ""), IFERROR(MLAX!E15, ""), IFERROR(SOFT!E15, ""), IFERROR(BASE!E15, ""), IFERROR(ESPORTS!E15, "") ) | F15: =IFERROR(__xludf.DUMMYFUNCTION("TEXTJOIN( CHAR(10) & CHAR(10), TRUE, IFERROR(TEXT(FILTER(WSO!F15, LEN(WSO!F15)), ""h:mm AM/PM""), """"), IFERROR(TEXT(FILTER(MSO!F15, LEN(MSO!F15)), ""h:mm AM/PM""), """"), IFERROR(TEXT(FILTER(FH!F15, LEN(FH!F15)), ""h:mm AM/PM""), """"), IFER"&"ROR(TEXT(FILTER(MGOLF!F15, LEN(MGOLF!F15)), ""h:mm AM/PM""), """"), IFERROR(TEXT(FILTER(Football!F15, LEN(Football!F15)), ""h:mm AM/PM""), """"), IFERROR(TEXT(FILTER(WVB!F15, LEN(WVB!F15)), ""h:mm AM/PM""), """"), IFERROR(TEXT(FILTER(XC!F15, LEN(XC!"&"F15)), ""h:mm AM/PM""), """"), IFERROR(TEXT(FILTER(SWIMMING!F15, LEN(SWIMMING!F15)), ""h:mm AM/PM""), """"), IFERROR(TEXT(FILTER(WTEN!F15, LEN(WTEN!F15)), ""h:mm AM/PM""), """"), IFERROR(TEXT(FILTER(TF!F15, LEN(TF!F15)), ""h:mm AM/PM""), """"), IF"&"ERROR(TEXT(FILTER(WGOLF!F15, LEN(WGOLF!F15)), ""h:mm AM/PM""), """"), IFERROR(TEXT(FILTER(WBB!F15, LEN(WBB!F15)), ""h:mm AM/PM""), """"), IFERROR(TEXT(FILTER(MBB!F15, LEN(MBB!F15)), ""h:mm AM/PM""), """"), IFERROR(TEXT(FILTER(WLAX!F15, LEN(WLAX!F15)"&"), ""h:mm AM/PM""), """"), IFERROR(TEXT(FILTER(MLAX!F15, LEN(MLAX!F15)), ""h:mm AM/PM""), """"), IFERROR(TEXT(FILTER(SOFT!F15, LEN(SOFT!F15)), ""h:mm AM/PM""), """"), IFERROR(TEXT(FILTER(BASE!F15, LEN(BASE!F15)), ""h:mm AM/PM""), """"), IFERROR(TE"&"XT(FILTER(ESPORTS!F15, LEN(ESPORTS!F15)), ""h:mm AM/PM""), """") ) "),"") | G15: =IFERROR(__xludf.DUMMYFUNCTION("TEXTJOIN( CHAR(10) & CHAR(10), TRUE, IFERROR(FILTER(WSO!G15, LEN(WSO!G15)), """"), IFERROR(FILTER(MSO!G15, LEN(MSO!G15)), """"), IFERROR(FILTER(FH!G15, LEN(FH!G15)), """"), IFERROR(FILTER(MGOLF!G15, LEN(MGOLF!G15)), """"), IFERROR(FILTER(Foo"&"tball!G15, LEN(Football!G15)), """"), IFERROR(FILTER(WVB!G15, LEN(WVB!G15)), """"), IFERROR(FILTER(XC!G15, LEN(XC!G15)), """"), IFERROR(FILTER(SWIMMING!G15, LEN(SWIMMING!G15)), """"), IFERROR(FILTER(WTEN!G15, LEN(WTEN!G15)), """"), IFERROR(FILTE"&"R(TF!G15, LEN(TF!G15)), """"), IFERROR(FILTER(WGOLF!G15:G1000, LEN(WGOLF!G15)), """"), IFERROR(FILTER(WBB!G15, LEN(WBB!G15)), """"), IFERROR(FILTER(MBB!G15, LEN(MBB!G15)), """"), IFERROR(FILTER(WLAX!G15, LEN(WLAX!G15)), """"), IFERROR(FILTER(MLA"&"X!G15, LEN(MLAX!G15)), """"), IFERROR(FILTER(SOFT!G15, LEN(SOFT!G15)), """"), IFERROR(FILTER(BASE!G15, LEN(BASE!G15)), """"), IFERROR(FILTER(ESPORTS!G15, LEN(ESPORTS!G15)), """") ) "),"") | H15: =IFERROR(__xludf.DUMMYFUNCTION("TEXTJOIN( CHAR(10) & CHAR(10), TRUE, IFERROR(FILTER(WSO!H15, LEN(WSO!H15)), """"), IFERROR(FILTER(MSO!H15, LEN(MSO!H15)), """"), IFERROR(FILTER(FH!H15, LEN(FH!H15)), """"), IFERROR(FILTER(MGOLF!H15, LEN(MGOLF!H15)), """"), IFERROR(FILTER(Foo"&"tball!H15, LEN(Football!H15)), """"), IFERROR(FILTER(WVB!H15, LEN(WVB!H15)), """"), IFERROR(FILTER(XC!H15, LEN(XC!H15)), """"), IFERROR(FILTER(SWIMMING!H15, LEN(SWIMMING!H15)), """"), IFERROR(FILTER(WTEN!H15, LEN(WTEN!H15)), """"), IFERROR(FILTE"&"R(TF!H15, LEN(TF!H15)), """"), IFERROR(FILTER(WGOLF!H15, LEN(WGOLF!H15)), """"), IFERROR(FILTER(WBB!H15, LEN(WBB!H15)), """"), IFERROR(FILTER(MBB!H15, LEN(MBB!H15)), """"), IFERROR(FILTER(WLAX!H15, LEN(WLAX!H15)), """"), IFERROR(FILTER(MLAX!H15,"&" LEN(MLAX!H15)), """"), IFERROR(FILTER(SOFT!H15, LEN(SOFT!H15)), """"), IFERROR(FILTER(BASE!H15, LEN(BASE!H15)), """"), IFERROR(FILTER(ESPORTS!H15, LEN(ESPORTS!H15)), """") ) "),"") | I15: =IFERROR(__xludf.DUMMYFUNCTION("TEXTJOIN( CHAR(10) & CHAR(10), TRUE, IFERROR(ARRAYFORMULA(TEXT(FILTER(WSO!F15, LEN(WSO!F15)), ""h:mm AM/PM"")), """"), IFERROR(ARRAYFORMULA(TEXT(FILTER(MSO!F15, LEN(MSO!F15)), ""h:mm AM/PM"")), """"), IFERROR(ARRAYFORMULA(TEXT(FILTER(FH!F15, LEN"&"(FH!F15)), ""h:mm AM/PM"")), """"), IFERROR(ARRAYFORMULA(TEXT(FILTER(MGOLF!F15, LEN(MGOLF!F15)), ""h:mm AM/PM"")), """"), IFERROR(ARRAYFORMULA(TEXT(FILTER(Football!F15, LEN(Football!F15)), ""h:mm AM/PM"")), """"), IFERROR(ARRAYFORMULA(TEXT(FILTER(WV"&"B!F15, LEN(WVB!F15)), ""h:mm AM/PM"")), """"), IFERROR(ARRAYFORMULA(TEXT(FILTER(XC!F15, LEN(XC!F15)), ""h:mm AM/PM"")), """"), IFERROR(ARRAYFORMULA(TEXT(FILTER(SWIMMING!F15, LEN(SWIMMING!F15)), ""h:mm AM/PM"")), """"), IFERROR(ARRAYFORMULA(TEXT(FILT"&"ER(WTEN!F15, LEN(WTEN!F15)), ""h:mm AM/PM"")), """"), IFERROR(ARRAYFORMULA(TEXT(FILTER(TF!F15, LEN(TF!F15)), ""h:mm AM/PM"")), """"), IFERROR(ARRAYFORMULA(TEXT(FILTER(WGOLF!F15, LEN(WGOLF!F15)), ""h:mm AM/PM"")), """"), IFERROR(ARRAYFORMULA(TEXT(FIL"&"TER(WBB!F15, LEN(WBB!F15)), ""h:mm AM/PM"")), """"), IFERROR(ARRAYFORMULA(TEXT(FILTER(MBB!F15, LEN(MBB!F15)), ""h:mm AM/PM"")), """"), IFERROR(ARRAYFORMULA(TEXT(FILTER(WLAX!F15, LEN(WLAX!F15)), ""h:mm AM/PM"")), """"), IFERROR(ARRAYFORMULA(TEXT(FILT"&"ER(MLAX!F15, LEN(MLAX!F15)), ""h:mm AM/PM"")), """"), IFERROR(ARRAYFORMULA(TEXT(FILTER(SOFT!F15, LEN(SOFT!F15)), ""h:mm AM/PM"")), """"), IFERROR(ARRAYFORMULA(TEXT(FILTER(BASE!F15, LEN(BASE!F15)), ""h:mm AM/PM"")), """"), IFERROR(ARRAYFORMULA(TEXT(F"&"ILTER(ESPORTS!F15, LEN(ESPORTS!F15)), ""h:mm AM/PM"")), """") ) "),"") | J15: =IFERROR(__xludf.DUMMYFUNCTION("IFERROR( TEXTJOIN( CHAR(10) & CHAR(10), TRUE, FILTER( FLATTEN({ WSO!P15; MSO!P15; FH!P15; MGOLF!P15; Football!P15; WVB!P15; XC!P15; SWIMMING!P15; WTEN!P15; TF!P15; "&" WGOLF!P15; WBB!P15; MBB!P15; WLAX!P15; MLAX!P15; SOFT!P15; BASE!P15; ESPORTS!P15 }), (FLATTEN({ WSO!P15; MSO!P15; FH!P15; MGOLF!P15; Football!P15; WVB!P1"&"5; XC!P15; SWIMMING!P15; WTEN!P15; TF!P15; WGOLF!P15; WBB!P15; MBB!P15; WLAX!P15; MLAX!P15; SOFT!P15; BASE!P15; ESPORTS!P15 }) <> """") * (FLATTEN({ WSO!P"&"15; MSO!P15; FH!P15; MGOLF!P15; Football!P15; WVB!P15; XC!P15; SWIMMING!P15; WTEN!P15; TF!P15; WGOLF!P15; WBB!P15; MBB!P15; WLAX!P15; MLAX!P15; SOFT!P"&"15; BASE!P15; ESPORTS!P15 }) <> ""Status"") ) ), """" ) "),"")
A16: 15 | C16: 46249 | D16: =text(C16,"dddd") -> Saturday | E16: =TEXTJOIN( CHAR(10) & CHAR(10), TRUE, IFERROR(WSO!E16, ""), IFERROR(MSO!E16, ""), IFERROR(FH!E16, ""), IFERROR(MGOLF!E16, ""), IFERROR(Football!E16, ""), IFERROR(WVB!E16, ""), IFERROR(XC!E16, ""), IFERROR(SWIMMING!E16, ""), IFERROR(WTEN!E16, ""), IFERROR(TF!E16, ""), IFERROR(WGOLF!E16, ""), IFERROR(WBB!E16, ""), IFERROR(MBB!E16, ""), IFERROR(WLAX!E16, ""), IFERROR(MLAX!E16, ""), IFERROR(SOFT!E16, ""), IFERROR(BASE!E16, ""), IFERROR(ESPORTS!E16, "") ) | F16: =IFERROR(__xludf.DUMMYFUNCTION("TEXTJOIN( CHAR(10) & CHAR(10), TRUE, IFERROR(TEXT(FILTER(WSO!F16, LEN(WSO!F16)), ""h:mm AM/PM""), """"), IFERROR(TEXT(FILTER(MSO!F16, LEN(MSO!F16)), ""h:mm AM/PM""), """"), IFERROR(TEXT(FILTER(FH!F16, LEN(FH!F16)), ""h:mm AM/PM""), """"), IFER"&"ROR(TEXT(FILTER(MGOLF!F16, LEN(MGOLF!F16)), ""h:mm AM/PM""), """"), IFERROR(TEXT(FILTER(Football!F16, LEN(Football!F16)), ""h:mm AM/PM""), """"), IFERROR(TEXT(FILTER(WVB!F16, LEN(WVB!F16)), ""h:mm AM/PM""), """"), IFERROR(TEXT(FILTER(XC!F16, LEN(XC!"&"F16)), ""h:mm AM/PM""), """"), IFERROR(TEXT(FILTER(SWIMMING!F16, LEN(SWIMMING!F16)), ""h:mm AM/PM""), """"), IFERROR(TEXT(FILTER(WTEN!F16, LEN(WTEN!F16)), ""h:mm AM/PM""), """"), IFERROR(TEXT(FILTER(TF!F16, LEN(TF!F16)), ""h:mm AM/PM""), """"), IF"&"ERROR(TEXT(FILTER(WGOLF!F16, LEN(WGOLF!F16)), ""h:mm AM/PM""), """"), IFERROR(TEXT(FILTER(WBB!F16, LEN(WBB!F16)), ""h:mm AM/PM""), """"), IFERROR(TEXT(FILTER(MBB!F16, LEN(MBB!F16)), ""h:mm AM/PM""), """"), IFERROR(TEXT(FILTER(WLAX!F16, LEN(WLAX!F16)"&"), ""h:mm AM/PM""), """"), IFERROR(TEXT(FILTER(MLAX!F16, LEN(MLAX!F16)), ""h:mm AM/PM""), """"), IFERROR(TEXT(FILTER(SOFT!F16, LEN(SOFT!F16)), ""h:mm AM/PM""), """"), IFERROR(TEXT(FILTER(BASE!F16, LEN(BASE!F16)), ""h:mm AM/PM""), """"), IFERROR(TE"&"XT(FILTER(ESPORTS!F16, LEN(ESPORTS!F16)), ""h:mm AM/PM""), """") ) "),"") | G16: =IFERROR(__xludf.DUMMYFUNCTION("TEXTJOIN( CHAR(10) & CHAR(10), TRUE, IFERROR(FILTER(WSO!G16, LEN(WSO!G16)), """"), IFERROR(FILTER(MSO!G16, LEN(MSO!G16)), """"), IFERROR(FILTER(FH!G16, LEN(FH!G16)), """"), IFERROR(FILTER(MGOLF!G16, LEN(MGOLF!G16)), """"), IFERROR(FILTER(Foo"&"tball!G16, LEN(Football!G16)), """"), IFERROR(FILTER(WVB!G16, LEN(WVB!G16)), """"), IFERROR(FILTER(XC!G16, LEN(XC!G16)), """"), IFERROR(FILTER(SWIMMING!G16, LEN(SWIMMING!G16)), """"), IFERROR(FILTER(WTEN!G16, LEN(WTEN!G16)), """"), IFERROR(FILTE"&"R(TF!G16, LEN(TF!G16)), """"), IFERROR(FILTER(WGOLF!G16:G1000, LEN(WGOLF!G16)), """"), IFERROR(FILTER(WBB!G16, LEN(WBB!G16)), """"), IFERROR(FILTER(MBB!G16, LEN(MBB!G16)), """"), IFERROR(FILTER(WLAX!G16, LEN(WLAX!G16)), """"), IFERROR(FILTER(MLA"&"X!G16, LEN(MLAX!G16)), """"), IFERROR(FILTER(SOFT!G16, LEN(SOFT!G16)), """"), IFERROR(FILTER(BASE!G16, LEN(BASE!G16)), """"), IFERROR(FILTER(ESPORTS!G16, LEN(ESPORTS!G16)), """") ) "),"") | H16: =IFERROR(__xludf.DUMMYFUNCTION("TEXTJOIN( CHAR(10) & CHAR(10), TRUE, IFERROR(FILTER(WSO!H16, LEN(WSO!H16)), """"), IFERROR(FILTER(MSO!H16, LEN(MSO!H16)), """"), IFERROR(FILTER(FH!H16, LEN(FH!H16)), """"), IFERROR(FILTER(MGOLF!H16, LEN(MGOLF!H16)), """"), IFERROR(FILTER(Foo"&"tball!H16, LEN(Football!H16)), """"), IFERROR(FILTER(WVB!H16, LEN(WVB!H16)), """"), IFERROR(FILTER(XC!H16, LEN(XC!H16)), """"), IFERROR(FILTER(SWIMMING!H16, LEN(SWIMMING!H16)), """"), IFERROR(FILTER(WTEN!H16, LEN(WTEN!H16)), """"), IFERROR(FILTE"&"R(TF!H16, LEN(TF!H16)), """"), IFERROR(FILTER(WGOLF!H16, LEN(WGOLF!H16)), """"), IFERROR(FILTER(WBB!H16, LEN(WBB!H16)), """"), IFERROR(FILTER(MBB!H16, LEN(MBB!H16)), """"), IFERROR(FILTER(WLAX!H16, LEN(WLAX!H16)), """"), IFERROR(FILTER(MLAX!H16,"&" LEN(MLAX!H16)), """"), IFERROR(FILTER(SOFT!H16, LEN(SOFT!H16)), """"), IFERROR(FILTER(BASE!H16, LEN(BASE!H16)), """"), IFERROR(FILTER(ESPORTS!H16, LEN(ESPORTS!H16)), """") ) "),"") | I16: =IFERROR(__xludf.DUMMYFUNCTION("TEXTJOIN( CHAR(10) & CHAR(10), TRUE, IFERROR(ARRAYFORMULA(TEXT(FILTER(WSO!F16, LEN(WSO!F16)), ""h:mm AM/PM"")), """"), IFERROR(ARRAYFORMULA(TEXT(FILTER(MSO!F16, LEN(MSO!F16)), ""h:mm AM/PM"")), """"), IFERROR(ARRAYFORMULA(TEXT(FILTER(FH!F16, LEN"&"(FH!F16)), ""h:mm AM/PM"")), """"), IFERROR(ARRAYFORMULA(TEXT(FILTER(MGOLF!F16, LEN(MGOLF!F16)), ""h:mm AM/PM"")), """"), IFERROR(ARRAYFORMULA(TEXT(FILTER(Football!F16, LEN(Football!F16)), ""h:mm AM/PM"")), """"), IFERROR(ARRAYFORMULA(TEXT(FILTER(WV"&"B!F16, LEN(WVB!F16)), ""h:mm AM/PM"")), """"), IFERROR(ARRAYFORMULA(TEXT(FILTER(XC!F16, LEN(XC!F16)), ""h:mm AM/PM"")), """"), IFERROR(ARRAYFORMULA(TEXT(FILTER(SWIMMING!F16, LEN(SWIMMING!F16)), ""h:mm AM/PM"")), """"), IFERROR(ARRAYFORMULA(TEXT(FILT"&"ER(WTEN!F16, LEN(WTEN!F16)), ""h:mm AM/PM"")), """"), IFERROR(ARRAYFORMULA(TEXT(FILTER(TF!F16, LEN(TF!F16)), ""h:mm AM/PM"")), """"), IFERROR(ARRAYFORMULA(TEXT(FILTER(WGOLF!F16, LEN(WGOLF!F16)), ""h:mm AM/PM"")), """"), IFERROR(ARRAYFORMULA(TEXT(FIL"&"TER(WBB!F16, LEN(WBB!F16)), ""h:mm AM/PM"")), """"), IFERROR(ARRAYFORMULA(TEXT(FILTER(MBB!F16, LEN(MBB!F16)), ""h:mm AM/PM"")), """"), IFERROR(ARRAYFORMULA(TEXT(FILTER(WLAX!F16, LEN(WLAX!F16)), ""h:mm AM/PM"")), """"), IFERROR(ARRAYFORMULA(TEXT(FILT"&"ER(MLAX!F16, LEN(MLAX!F16)), ""h:mm AM/PM"")), """"), IFERROR(ARRAYFORMULA(TEXT(FILTER(SOFT!F16, LEN(SOFT!F16)), ""h:mm AM/PM"")), """"), IFERROR(ARRAYFORMULA(TEXT(FILTER(BASE!F16, LEN(BASE!F16)), ""h:mm AM/PM"")), """"), IFERROR(ARRAYFORMULA(TEXT(F"&"ILTER(ESPORTS!F16, LEN(ESPORTS!F16)), ""h:mm AM/PM"")), """") ) "),"") | J16: =IFERROR(__xludf.DUMMYFUNCTION("IFERROR( TEXTJOIN( CHAR(10) & CHAR(10), TRUE, FILTER( FLATTEN({ WSO!P16; MSO!P16; FH!P16; MGOLF!P16; Football!P16; WVB!P16; XC!P16; SWIMMING!P16; WTEN!P16; TF!P16; "&" WGOLF!P16; WBB!P16; MBB!P16; WLAX!P16; MLAX!P16; SOFT!P16; BASE!P16; ESPORTS!P16 }), (FLATTEN({ WSO!P16; MSO!P16; FH!P16; MGOLF!P16; Football!P16; WVB!P1"&"6; XC!P16; SWIMMING!P16; WTEN!P16; TF!P16; WGOLF!P16; WBB!P16; MBB!P16; WLAX!P16; MLAX!P16; SOFT!P16; BASE!P16; ESPORTS!P16 }) <> """") * (FLATTEN({ WSO!P"&"16; MSO!P16; FH!P16; MGOLF!P16; Football!P16; WVB!P16; XC!P16; SWIMMING!P16; WTEN!P16; TF!P16; WGOLF!P16; WBB!P16; MBB!P16; WLAX!P16; MLAX!P16; SOFT!P"&"16; BASE!P16; ESPORTS!P16 }) <> ""Status"") ) ), """" ) "),"")
A17: 16 | C17: 46250 | D17: =text(C17,"dddd") -> Sunday | E17: =TEXTJOIN( CHAR(10) & CHAR(10), TRUE, IFERROR(WSO!E17, ""), IFERROR(MSO!E17, ""), IFERROR(FH!E17, ""), IFERROR(MGOLF!E17, ""), IFERROR(Football!E17, ""), IFERROR(WVB!E17, ""), IFERROR(XC!E17, ""), IFERROR(SWIMMING!E17, ""), IFERROR(WTEN!E17, ""), IFERROR(TF!E17, ""), IFERROR(WGOLF!E17, ""), IFERROR(WBB!E17, ""), IFERROR(MBB!E17, ""), IFERROR(WLAX!E17, ""), IFERROR(MLAX!E17, ""), IFERROR(SOFT!E17, ""), IFERROR(BASE!E17, ""), IFERROR(ESPORTS!E17, "") ) | F17: =IFERROR(__xludf.DUMMYFUNCTION("TEXTJOIN( CHAR(10) & CHAR(10), TRUE, IFERROR(TEXT(FILTER(WSO!F17, LEN(WSO!F17)), ""h:mm AM/PM""), """"), IFERROR(TEXT(FILTER(MSO!F17, LEN(MSO!F17)), ""h:mm AM/PM""), """"), IFERROR(TEXT(FILTER(FH!F17, LEN(FH!F17)), ""h:mm AM/PM""), """"), IFER"&"ROR(TEXT(FILTER(MGOLF!F17, LEN(MGOLF!F17)), ""h:mm AM/PM""), """"), IFERROR(TEXT(FILTER(Football!F17, LEN(Football!F17)), ""h:mm AM/PM""), """"), IFERROR(TEXT(FILTER(WVB!F17, LEN(WVB!F17)), ""h:mm AM/PM""), """"), IFERROR(TEXT(FILTER(XC!F17, LEN(XC!"&"F17)), ""h:mm AM/PM""), """"), IFERROR(TEXT(FILTER(SWIMMING!F17, LEN(SWIMMING!F17)), ""h:mm AM/PM""), """"), IFERROR(TEXT(FILTER(WTEN!F17, LEN(WTEN!F17)), ""h:mm AM/PM""), """"), IFERROR(TEXT(FILTER(TF!F17, LEN(TF!F17)), ""h:mm AM/PM""), """"), IF"&"ERROR(TEXT(FILTER(WGOLF!F17, LEN(WGOLF!F17)), ""h:mm AM/PM""), """"), IFERROR(TEXT(FILTER(WBB!F17, LEN(WBB!F17)), ""h:mm AM/PM""), """"), IFERROR(TEXT(FILTER(MBB!F17, LEN(MBB!F17)), ""h:mm AM/PM""), """"), IFERROR(TEXT(FILTER(WLAX!F17, LEN(WLAX!F17)"&"), ""h:mm AM/PM""), """"), IFERROR(TEXT(FILTER(MLAX!F17, LEN(MLAX!F17)), ""h:mm AM/PM""), """"), IFERROR(TEXT(FILTER(SOFT!F17, LEN(SOFT!F17)), ""h:mm AM/PM""), """"), IFERROR(TEXT(FILTER(BASE!F17, LEN(BASE!F17)), ""h:mm AM/PM""), """"), IFERROR(TE"&"XT(FILTER(ESPORTS!F17, LEN(ESPORTS!F17)), ""h:mm AM/PM""), """") ) "),"") | G17: =IFERROR(__xludf.DUMMYFUNCTION("TEXTJOIN( CHAR(10) & CHAR(10), TRUE, IFERROR(FILTER(WSO!G17, LEN(WSO!G17)), """"), IFERROR(FILTER(MSO!G17, LEN(MSO!G17)), """"), IFERROR(FILTER(FH!G17, LEN(FH!G17)), """"), IFERROR(FILTER(MGOLF!G17, LEN(MGOLF!G17)), """"), IFERROR(FILTER(Foo"&"tball!G17, LEN(Football!G17)), """"), IFERROR(FILTER(WVB!G17, LEN(WVB!G17)), """"), IFERROR(FILTER(XC!G17, LEN(XC!G17)), """"), IFERROR(FILTER(SWIMMING!G17, LEN(SWIMMING!G17)), """"), IFERROR(FILTER(WTEN!G17, LEN(WTEN!G17)), """"), IFERROR(FILTE"&"R(TF!G17, LEN(TF!G17)), """"), IFERROR(FILTER(WGOLF!G17:G1000, LEN(WGOLF!G17)), """"), IFERROR(FILTER(WBB!G17, LEN(WBB!G17)), """"), IFERROR(FILTER(MBB!G17, LEN(MBB!G17)), """"), IFERROR(FILTER(WLAX!G17, LEN(WLAX!G17)), """"), IFERROR(FILTER(MLA"&"X!G17, LEN(MLAX!G17)), """"), IFERROR(FILTER(SOFT!G17, LEN(SOFT!G17)), """"), IFERROR(FILTER(BASE!G17, LEN(BASE!G17)), """"), IFERROR(FILTER(ESPORTS!G17, LEN(ESPORTS!G17)), """") ) "),"") | H17: =IFERROR(__xludf.DUMMYFUNCTION("TEXTJOIN( CHAR(10) & CHAR(10), TRUE, IFERROR(FILTER(WSO!H17, LEN(WSO!H17)), """"), IFERROR(FILTER(MSO!H17, LEN(MSO!H17)), """"), IFERROR(FILTER(FH!H17, LEN(FH!H17)), """"), IFERROR(FILTER(MGOLF!H17, LEN(MGOLF!H17)), """"), IFERROR(FILTER(Foo"&"tball!H17, LEN(Football!H17)), """"), IFERROR(FILTER(WVB!H17, LEN(WVB!H17)), """"), IFERROR(FILTER(XC!H17, LEN(XC!H17)), """"), IFERROR(FILTER(SWIMMING!H17, LEN(SWIMMING!H17)), """"), IFERROR(FILTER(WTEN!H17, LEN(WTEN!H17)), """"), IFERROR(FILTE"&"R(TF!H17, LEN(TF!H17)), """"), IFERROR(FILTER(WGOLF!H17, LEN(WGOLF!H17)), """"), IFERROR(FILTER(WBB!H17, LEN(WBB!H17)), """"), IFERROR(FILTER(MBB!H17, LEN(MBB!H17)), """"), IFERROR(FILTER(WLAX!H17, LEN(WLAX!H17)), """"), IFERROR(FILTER(MLAX!H17,"&" LEN(MLAX!H17)), """"), IFERROR(FILTER(SOFT!H17, LEN(SOFT!H17)), """"), IFERROR(FILTER(BASE!H17, LEN(BASE!H17)), """"), IFERROR(FILTER(ESPORTS!H17, LEN(ESPORTS!H17)), """") ) "),"") | I17: =IFERROR(__xludf.DUMMYFUNCTION("TEXTJOIN( CHAR(10) & CHAR(10), TRUE, IFERROR(ARRAYFORMULA(TEXT(FILTER(WSO!F17, LEN(WSO!F17)), ""h:mm AM/PM"")), """"), IFERROR(ARRAYFORMULA(TEXT(FILTER(MSO!F17, LEN(MSO!F17)), ""h:mm AM/PM"")), """"), IFERROR(ARRAYFORMULA(TEXT(FILTER(FH!F17, LEN"&"(FH!F17)), ""h:mm AM/PM"")), """"), IFERROR(ARRAYFORMULA(TEXT(FILTER(MGOLF!F17, LEN(MGOLF!F17)), ""h:mm AM/PM"")), """"), IFERROR(ARRAYFORMULA(TEXT(FILTER(Football!F17, LEN(Football!F17)), ""h:mm AM/PM"")), """"), IFERROR(ARRAYFORMULA(TEXT(FILTER(WV"&"B!F17, LEN(WVB!F17)), ""h:mm AM/PM"")), """"), IFERROR(ARRAYFORMULA(TEXT(FILTER(XC!F17, LEN(XC!F17)), ""h:mm AM/PM"")), """"), IFERROR(ARRAYFORMULA(TEXT(FILTER(SWIMMING!F17, LEN(SWIMMING!F17)), ""h:mm AM/PM"")), """"), IFERROR(ARRAYFORMULA(TEXT(FILT"&"ER(WTEN!F17, LEN(WTEN!F17)), ""h:mm AM/PM"")), """"), IFERROR(ARRAYFORMULA(TEXT(FILTER(TF!F17, LEN(TF!F17)), ""h:mm AM/PM"")), """"), IFERROR(ARRAYFORMULA(TEXT(FILTER(WGOLF!F17, LEN(WGOLF!F17)), ""h:mm AM/PM"")), """"), IFERROR(ARRAYFORMULA(TEXT(FIL"&"TER(WBB!F17, LEN(WBB!F17)), ""h:mm AM/PM"")), """"), IFERROR(ARRAYFORMULA(TEXT(FILTER(MBB!F17, LEN(MBB!F17)), ""h:mm AM/PM"")), """"), IFERROR(ARRAYFORMULA(TEXT(FILTER(WLAX!F17, LEN(WLAX!F17)), ""h:mm AM/PM"")), """"), IFERROR(ARRAYFORMULA(TEXT(FILT"&"ER(MLAX!F17, LEN(MLAX!F17)), ""h:mm AM/PM"")), """"), IFERROR(ARRAYFORMULA(TEXT(FILTER(SOFT!F17, LEN(SOFT!F17)), ""h:mm AM/PM"")), """"), IFERROR(ARRAYFORMULA(TEXT(FILTER(BASE!F17, LEN(BASE!F17)), ""h:mm AM/PM"")), """"), IFERROR(ARRAYFORMULA(TEXT(F"&"ILTER(ESPORTS!F17, LEN(ESPORTS!F17)), ""h:mm AM/PM"")), """") ) "),"") | J17: =IFERROR(__xludf.DUMMYFUNCTION("IFERROR( TEXTJOIN( CHAR(10) & CHAR(10), TRUE, FILTER( FLATTEN({ WSO!P17; MSO!P17; FH!P17; MGOLF!P17; Football!P17; WVB!P17; XC!P17; SWIMMING!P17; WTEN!P17; TF!P17; "&" WGOLF!P17; WBB!P17; MBB!P17; WLAX!P17; MLAX!P17; SOFT!P17; BASE!P17; ESPORTS!P17 }), (FLATTEN({ WSO!P17; MSO!P17; FH!P17; MGOLF!P17; Football!P17; WVB!P1"&"7; XC!P17; SWIMMING!P17; WTEN!P17; TF!P17; WGOLF!P17; WBB!P17; MBB!P17; WLAX!P17; MLAX!P17; SOFT!P17; BASE!P17; ESPORTS!P17 }) <> """") * (FLATTEN({ WSO!P"&"17; MSO!P17; FH!P17; MGOLF!P17; Football!P17; WVB!P17; XC!P17; SWIMMING!P17; WTEN!P17; TF!P17; WGOLF!P17; WBB!P17; MBB!P17; WLAX!P17; MLAX!P17; SOFT!P"&"17; BASE!P17; ESPORTS!P17 }) <> ""Status"") ) ), """" ) "),"")
A18: 17 | C18: 46251 | D18: =text(C18,"dddd") -> Monday | E18: =TEXTJOIN( CHAR(10) & CHAR(10), TRUE, IFERROR(WSO!E18, ""), IFERROR(MSO!E18, ""), IFERROR(FH!E18, ""), IFERROR(MGOLF!E18, ""), IFERROR(Football!E18, ""), IFERROR(WVB!E18, ""), IFERROR(XC!E18, ""), IFERROR(SWIMMING!E18, ""), IFERROR(WTEN!E18, ""), IFERROR(TF!E18, ""), IFERROR(WGOLF!E18, ""), IFERROR(WBB!E18, ""), IFERROR(MBB!E18, ""), IFERROR(WLAX!E18, ""), IFERROR(MLAX!E18, ""), IFERROR(SOFT!E18, ""), IFERROR(BASE!E18, ""), IFERROR(ESPORTS!E18, "") ) | F18: =IFERROR(__xludf.DUMMYFUNCTION("TEXTJOIN( CHAR(10) & CHAR(10), TRUE, IFERROR(TEXT(FILTER(WSO!F18, LEN(WSO!F18)), ""h:mm AM/PM""), """"), IFERROR(TEXT(FILTER(MSO!F18, LEN(MSO!F18)), ""h:mm AM/PM""), """"), IFERROR(TEXT(FILTER(FH!F18, LEN(FH!F18)), ""h:mm AM/PM""), """"), IFER"&"ROR(TEXT(FILTER(MGOLF!F18, LEN(MGOLF!F18)), ""h:mm AM/PM""), """"), IFERROR(TEXT(FILTER(Football!F18, LEN(Football!F18)), ""h:mm AM/PM""), """"), IFERROR(TEXT(FILTER(WVB!F18, LEN(WVB!F18)), ""h:mm AM/PM""), """"), IFERROR(TEXT(FILTER(XC!F18, LEN(XC!"&"F18)), ""h:mm AM/PM""), """"), IFERROR(TEXT(FILTER(SWIMMING!F18, LEN(SWIMMING!F18)), ""h:mm AM/PM""), """"), IFERROR(TEXT(FILTER(WTEN!F18, LEN(WTEN!F18)), ""h:mm AM/PM""), """"), IFERROR(TEXT(FILTER(TF!F18, LEN(TF!F18)), ""h:mm AM/PM""), """"), IF"&"ERROR(TEXT(FILTER(WGOLF!F18, LEN(WGOLF!F18)), ""h:mm AM/PM""), """"), IFERROR(TEXT(FILTER(WBB!F18, LEN(WBB!F18)), ""h:mm AM/PM""), """"), IFERROR(TEXT(FILTER(MBB!F18, LEN(MBB!F18)), ""h:mm AM/PM""), """"), IFERROR(TEXT(FILTER(WLAX!F18, LEN(WLAX!F18)"&"), ""h:mm AM/PM""), """"), IFERROR(TEXT(FILTER(MLAX!F18, LEN(MLAX!F18)), ""h:mm AM/PM""), """"), IFERROR(TEXT(FILTER(SOFT!F18, LEN(SOFT!F18)), ""h:mm AM/PM""), """"), IFERROR(TEXT(FILTER(BASE!F18, LEN(BASE!F18)), ""h:mm AM/PM""), """"), IFERROR(TE"&"XT(FILTER(ESPORTS!F18, LEN(ESPORTS!F18)), ""h:mm AM/PM""), """") ) "),"") | G18: =IFERROR(__xludf.DUMMYFUNCTION("TEXTJOIN( CHAR(10) & CHAR(10), TRUE, IFERROR(FILTER(WSO!G18, LEN(WSO!G18)), """"), IFERROR(FILTER(MSO!G18, LEN(MSO!G18)), """"), IFERROR(FILTER(FH!G18, LEN(FH!G18)), """"), IFERROR(FILTER(MGOLF!G18, LEN(MGOLF!G18)), """"), IFERROR(FILTER(Foo"&"tball!G18, LEN(Football!G18)), """"), IFERROR(FILTER(WVB!G18, LEN(WVB!G18)), """"), IFERROR(FILTER(XC!G18, LEN(XC!G18)), """"), IFERROR(FILTER(SWIMMING!G18, LEN(SWIMMING!G18)), """"), IFERROR(FILTER(WTEN!G18, LEN(WTEN!G18)), """"), IFERROR(FILTE"&"R(TF!G18, LEN(TF!G18)), """"), IFERROR(FILTER(WGOLF!G18:G1000, LEN(WGOLF!G18)), """"), IFERROR(FILTER(WBB!G18, LEN(WBB!G18)), """"), IFERROR(FILTER(MBB!G18, LEN(MBB!G18)), """"), IFERROR(FILTER(WLAX!G18, LEN(WLAX!G18)), """"), IFERROR(FILTER(MLA"&"X!G18, LEN(MLAX!G18)), """"), IFERROR(FILTER(SOFT!G18, LEN(SOFT!G18)), """"), IFERROR(FILTER(BASE!G18, LEN(BASE!G18)), """"), IFERROR(FILTER(ESPORTS!G18, LEN(ESPORTS!G18)), """") ) "),"") | H18: =IFERROR(__xludf.DUMMYFUNCTION("TEXTJOIN( CHAR(10) & CHAR(10), TRUE, IFERROR(FILTER(WSO!H18, LEN(WSO!H18)), """"), IFERROR(FILTER(MSO!H18, LEN(MSO!H18)), """"), IFERROR(FILTER(FH!H18, LEN(FH!H18)), """"), IFERROR(FILTER(MGOLF!H18, LEN(MGOLF!H18)), """"), IFERROR(FILTER(Foo"&"tball!H18, LEN(Football!H18)), """"), IFERROR(FILTER(WVB!H18, LEN(WVB!H18)), """"), IFERROR(FILTER(XC!H18, LEN(XC!H18)), """"), IFERROR(FILTER(SWIMMING!H18, LEN(SWIMMING!H18)), """"), IFERROR(FILTER(WTEN!H18, LEN(WTEN!H18)), """"), IFERROR(FILTE"&"R(TF!H18, LEN(TF!H18)), """"), IFERROR(FILTER(WGOLF!H18, LEN(WGOLF!H18)), """"), IFERROR(FILTER(WBB!H18, LEN(WBB!H18)), """"), IFERROR(FILTER(MBB!H18, LEN(MBB!H18)), """"), IFERROR(FILTER(WLAX!H18, LEN(WLAX!H18)), """"), IFERROR(FILTER(MLAX!H18,"&" LEN(MLAX!H18)), """"), IFERROR(FILTER(SOFT!H18, LEN(SOFT!H18)), """"), IFERROR(FILTER(BASE!H18, LEN(BASE!H18)), """"), IFERROR(FILTER(ESPORTS!H18, LEN(ESPORTS!H18)), """") ) "),"") | I18: =IFERROR(__xludf.DUMMYFUNCTION("TEXTJOIN( CHAR(10) & CHAR(10), TRUE, IFERROR(ARRAYFORMULA(TEXT(FILTER(WSO!F18, LEN(WSO!F18)), ""h:mm AM/PM"")), """"), IFERROR(ARRAYFORMULA(TEXT(FILTER(MSO!F18, LEN(MSO!F18)), ""h:mm AM/PM"")), """"), IFERROR(ARRAYFORMULA(TEXT(FILTER(FH!F18, LEN"&"(FH!F18)), ""h:mm AM/PM"")), """"), IFERROR(ARRAYFORMULA(TEXT(FILTER(MGOLF!F18, LEN(MGOLF!F18)), ""h:mm AM/PM"")), """"), IFERROR(ARRAYFORMULA(TEXT(FILTER(Football!F18, LEN(Football!F18)), ""h:mm AM/PM"")), """"), IFERROR(ARRAYFORMULA(TEXT(FILTER(WV"&"B!F18, LEN(WVB!F18)), ""h:mm AM/PM"")), """"), IFERROR(ARRAYFORMULA(TEXT(FILTER(XC!F18, LEN(XC!F18)), ""h:mm AM/PM"")), """"), IFERROR(ARRAYFORMULA(TEXT(FILTER(SWIMMING!F18, LEN(SWIMMING!F18)), ""h:mm AM/PM"")), """"), IFERROR(ARRAYFORMULA(TEXT(FILT"&"ER(WTEN!F18, LEN(WTEN!F18)), ""h:mm AM/PM"")), """"), IFERROR(ARRAYFORMULA(TEXT(FILTER(TF!F18, LEN(TF!F18)), ""h:mm AM/PM"")), """"), IFERROR(ARRAYFORMULA(TEXT(FILTER(WGOLF!F18, LEN(WGOLF!F18)), ""h:mm AM/PM"")), """"), IFERROR(ARRAYFORMULA(TEXT(FIL"&"TER(WBB!F18, LEN(WBB!F18)), ""h:mm AM/PM"")), """"), IFERROR(ARRAYFORMULA(TEXT(FILTER(MBB!F18, LEN(MBB!F18)), ""h:mm AM/PM"")), """"), IFERROR(ARRAYFORMULA(TEXT(FILTER(WLAX!F18, LEN(WLAX!F18)), ""h:mm AM/PM"")), """"), IFERROR(ARRAYFORMULA(TEXT(FILT"&"ER(MLAX!F18, LEN(MLAX!F18)), ""h:mm AM/PM"")), """"), IFERROR(ARRAYFORMULA(TEXT(FILTER(SOFT!F18, LEN(SOFT!F18)), ""h:mm AM/PM"")), """"), IFERROR(ARRAYFORMULA(TEXT(FILTER(BASE!F18, LEN(BASE!F18)), ""h:mm AM/PM"")), """"), IFERROR(ARRAYFORMULA(TEXT(F"&"ILTER(ESPORTS!F18, LEN(ESPORTS!F18)), ""h:mm AM/PM"")), """") ) "),"") | J18: =IFERROR(__xludf.DUMMYFUNCTION("IFERROR( TEXTJOIN( CHAR(10) & CHAR(10), TRUE, FILTER( FLATTEN({ WSO!P18; MSO!P18; FH!P18; MGOLF!P18; Football!P18; WVB!P18; XC!P18; SWIMMING!P18; WTEN!P18; TF!P18; "&" WGOLF!P18; WBB!P18; MBB!P18; WLAX!P18; MLAX!P18; SOFT!P18; BASE!P18; ESPORTS!P18 }), (FLATTEN({ WSO!P18; MSO!P18; FH!P18; MGOLF!P18; Football!P18; WVB!P1"&"8; XC!P18; SWIMMING!P18; WTEN!P18; TF!P18; WGOLF!P18; WBB!P18; MBB!P18; WLAX!P18; MLAX!P18; SOFT!P18; BASE!P18; ESPORTS!P18 }) <> """") * (FLATTEN({ WSO!P"&"18; MSO!P18; FH!P18; MGOLF!P18; Football!P18; WVB!P18; XC!P18; SWIMMING!P18; WTEN!P18; TF!P18; WGOLF!P18; WBB!P18; MBB!P18; WLAX!P18; MLAX!P18; SOFT!P"&"18; BASE!P18; ESPORTS!P18 }) <> ""Status"") ) ), """" ) "),"")
A19: 18 | C19: 46252 | D19: =text(C19,"dddd") -> Tuesday | E19: =TEXTJOIN( CHAR(10) & CHAR(10), TRUE, IFERROR(WSO!E19, ""), IFERROR(MSO!E19, ""), IFERROR(FH!E19, ""), IFERROR(MGOLF!E19, ""), IFERROR(Football!E19, ""), IFERROR(WVB!E19, ""), IFERROR(XC!E19, ""), IFERROR(SWIMMING!E19, ""), IFERROR(WTEN!E19, ""), IFERROR(TF!E19, ""), IFERROR(WGOLF!E19, ""), IFERROR(WBB!E19, ""), IFERROR(MBB!E19, ""), IFERROR(WLAX!E19, ""), IFERROR(MLAX!E19, ""), IFERROR(SOFT!E19, ""), IFERROR(BASE!E19, ""), IFERROR(ESPORTS!E19, "") ) | F19: =IFERROR(__xludf.DUMMYFUNCTION("TEXTJOIN( CHAR(10) & CHAR(10), TRUE, IFERROR(TEXT(FILTER(WSO!F19, LEN(WSO!F19)), ""h:mm AM/PM""), """"), IFERROR(TEXT(FILTER(MSO!F19, LEN(MSO!F19)), ""h:mm AM/PM""), """"), IFERROR(TEXT(FILTER(FH!F19, LEN(FH!F19)), ""h:mm AM/PM""), """"), IFER"&"ROR(TEXT(FILTER(MGOLF!F19, LEN(MGOLF!F19)), ""h:mm AM/PM""), """"), IFERROR(TEXT(FILTER(Football!F19, LEN(Football!F19)), ""h:mm AM/PM""), """"), IFERROR(TEXT(FILTER(WVB!F19, LEN(WVB!F19)), ""h:mm AM/PM""), """"), IFERROR(TEXT(FILTER(XC!F19, LEN(XC!"&"F19)), ""h:mm AM/PM""), """"), IFERROR(TEXT(FILTER(SWIMMING!F19, LEN(SWIMMING!F19)), ""h:mm AM/PM""), """"), IFERROR(TEXT(FILTER(WTEN!F19, LEN(WTEN!F19)), ""h:mm AM/PM""), """"), IFERROR(TEXT(FILTER(TF!F19, LEN(TF!F19)), ""h:mm AM/PM""), """"), IF"&"ERROR(TEXT(FILTER(WGOLF!F19, LEN(WGOLF!F19)), ""h:mm AM/PM""), """"), IFERROR(TEXT(FILTER(WBB!F19, LEN(WBB!F19)), ""h:mm AM/PM""), """"), IFERROR(TEXT(FILTER(MBB!F19, LEN(MBB!F19)), ""h:mm AM/PM""), """"), IFERROR(TEXT(FILTER(WLAX!F19, LEN(WLAX!F19)"&"), ""h:mm AM/PM""), """"), IFERROR(TEXT(FILTER(MLAX!F19, LEN(MLAX!F19)), ""h:mm AM/PM""), """"), IFERROR(TEXT(FILTER(SOFT!F19, LEN(SOFT!F19)), ""h:mm AM/PM""), """"), IFERROR(TEXT(FILTER(BASE!F19, LEN(BASE!F19)), ""h:mm AM/PM""), """"), IFERROR(TE"&"XT(FILTER(ESPORTS!F19, LEN(ESPORTS!F19)), ""h:mm AM/PM""), """") ) "),"") | G19: =IFERROR(__xludf.DUMMYFUNCTION("TEXTJOIN( CHAR(10) & CHAR(10), TRUE, IFERROR(FILTER(WSO!G19, LEN(WSO!G19)), """"), IFERROR(FILTER(MSO!G19, LEN(MSO!G19)), """"), IFERROR(FILTER(FH!G19, LEN(FH!G19)), """"), IFERROR(FILTER(MGOLF!G19, LEN(MGOLF!G19)), """"), IFERROR(FILTER(Foo"&"tball!G19, LEN(Football!G19)), """"), IFERROR(FILTER(WVB!G19, LEN(WVB!G19)), """"), IFERROR(FILTER(XC!G19, LEN(XC!G19)), """"), IFERROR(FILTER(SWIMMING!G19, LEN(SWIMMING!G19)), """"), IFERROR(FILTER(WTEN!G19, LEN(WTEN!G19)), """"), IFERROR(FILTE"&"R(TF!G19, LEN(TF!G19)), """"), IFERROR(FILTER(WGOLF!G19:G1000, LEN(WGOLF!G19)), """"), IFERROR(FILTER(WBB!G19, LEN(WBB!G19)), """"), IFERROR(FILTER(MBB!G19, LEN(MBB!G19)), """"), IFERROR(FILTER(WLAX!G19, LEN(WLAX!G19)), """"), IFERROR(FILTER(MLA"&"X!G19, LEN(MLAX!G19)), """"), IFERROR(FILTER(SOFT!G19, LEN(SOFT!G19)), """"), IFERROR(FILTER(BASE!G19, LEN(BASE!G19)), """"), IFERROR(FILTER(ESPORTS!G19, LEN(ESPORTS!G19)), """") ) "),"") | H19: =IFERROR(__xludf.DUMMYFUNCTION("TEXTJOIN( CHAR(10) & CHAR(10), TRUE, IFERROR(FILTER(WSO!H19, LEN(WSO!H19)), """"), IFERROR(FILTER(MSO!H19, LEN(MSO!H19)), """"), IFERROR(FILTER(FH!H19, LEN(FH!H19)), """"), IFERROR(FILTER(MGOLF!H19, LEN(MGOLF!H19)), """"), IFERROR(FILTER(Foo"&"tball!H19, LEN(Football!H19)), """"), IFERROR(FILTER(WVB!H19, LEN(WVB!H19)), """"), IFERROR(FILTER(XC!H19, LEN(XC!H19)), """"), IFERROR(FILTER(SWIMMING!H19, LEN(SWIMMING!H19)), """"), IFERROR(FILTER(WTEN!H19, LEN(WTEN!H19)), """"), IFERROR(FILTE"&"R(TF!H19, LEN(TF!H19)), """"), IFERROR(FILTER(WGOLF!H19, LEN(WGOLF!H19)), """"), IFERROR(FILTER(WBB!H19, LEN(WBB!H19)), """"), IFERROR(FILTER(MBB!H19, LEN(MBB!H19)), """"), IFERROR(FILTER(WLAX!H19, LEN(WLAX!H19)), """"), IFERROR(FILTER(MLAX!H19,"&" LEN(MLAX!H19)), """"), IFERROR(FILTER(SOFT!H19, LEN(SOFT!H19)), """"), IFERROR(FILTER(BASE!H19, LEN(BASE!H19)), """"), IFERROR(FILTER(ESPORTS!H19, LEN(ESPORTS!H19)), """") ) "),"") | I19: =IFERROR(__xludf.DUMMYFUNCTION("TEXTJOIN( CHAR(10) & CHAR(10), TRUE, IFERROR(ARRAYFORMULA(TEXT(FILTER(WSO!F19, LEN(WSO!F19)), ""h:mm AM/PM"")), """"), IFERROR(ARRAYFORMULA(TEXT(FILTER(MSO!F19, LEN(MSO!F19)), ""h:mm AM/PM"")), """"), IFERROR(ARRAYFORMULA(TEXT(FILTER(FH!F19, LEN"&"(FH!F19)), ""h:mm AM/PM"")), """"), IFERROR(ARRAYFORMULA(TEXT(FILTER(MGOLF!F19, LEN(MGOLF!F19)), ""h:mm AM/PM"")), """"), IFERROR(ARRAYFORMULA(TEXT(FILTER(Football!F19, LEN(Football!F19)), ""h:mm AM/PM"")), """"), IFERROR(ARRAYFORMULA(TEXT(FILTER(WV"&"B!F19, LEN(WVB!F19)), ""h:mm AM/PM"")), """"), IFERROR(ARRAYFORMULA(TEXT(FILTER(XC!F19, LEN(XC!F19)), ""h:mm AM/PM"")), """"), IFERROR(ARRAYFORMULA(TEXT(FILTER(SWIMMING!F19, LEN(SWIMMING!F19)), ""h:mm AM/PM"")), """"), IFERROR(ARRAYFORMULA(TEXT(FILT"&"ER(WTEN!F19, LEN(WTEN!F19)), ""h:mm AM/PM"")), """"), IFERROR(ARRAYFORMULA(TEXT(FILTER(TF!F19, LEN(TF!F19)), ""h:mm AM/PM"")), """"), IFERROR(ARRAYFORMULA(TEXT(FILTER(WGOLF!F19, LEN(WGOLF!F19)), ""h:mm AM/PM"")), """"), IFERROR(ARRAYFORMULA(TEXT(FIL"&"TER(WBB!F19, LEN(WBB!F19)), ""h:mm AM/PM"")), """"), IFERROR(ARRAYFORMULA(TEXT(FILTER(MBB!F19, LEN(MBB!F19)), ""h:mm AM/PM"")), """"), IFERROR(ARRAYFORMULA(TEXT(FILTER(WLAX!F19, LEN(WLAX!F19)), ""h:mm AM/PM"")), """"), IFERROR(ARRAYFORMULA(TEXT(FILT"&"ER(MLAX!F19, LEN(MLAX!F19)), ""h:mm AM/PM"")), """"), IFERROR(ARRAYFORMULA(TEXT(FILTER(SOFT!F19, LEN(SOFT!F19)), ""h:mm AM/PM"")), """"), IFERROR(ARRAYFORMULA(TEXT(FILTER(BASE!F19, LEN(BASE!F19)), ""h:mm AM/PM"")), """"), IFERROR(ARRAYFORMULA(TEXT(F"&"ILTER(ESPORTS!F19, LEN(ESPORTS!F19)), ""h:mm AM/PM"")), """") ) "),"") | J19: =IFERROR(__xludf.DUMMYFUNCTION("IFERROR( TEXTJOIN( CHAR(10) & CHAR(10), TRUE, FILTER( FLATTEN({ WSO!P19; MSO!P19; FH!P19; MGOLF!P19; Football!P19; WVB!P19; XC!P19; SWIMMING!P19; WTEN!P19; TF!P19; "&" WGOLF!P19; WBB!P19; MBB!P19; WLAX!P19; MLAX!P19; SOFT!P19; BASE!P19; ESPORTS!P19 }), (FLATTEN({ WSO!P19; MSO!P19; FH!P19; MGOLF!P19; Football!P19; WVB!P1"&"9; XC!P19; SWIMMING!P19; WTEN!P19; TF!P19; WGOLF!P19; WBB!P19; MBB!P19; WLAX!P19; MLAX!P19; SOFT!P19; BASE!P19; ESPORTS!P19 }) <> """") * (FLATTEN({ WSO!P"&"19; MSO!P19; FH!P19; MGOLF!P19; Football!P19; WVB!P19; XC!P19; SWIMMING!P19; WTEN!P19; TF!P19; WGOLF!P19; WBB!P19; MBB!P19; WLAX!P19; MLAX!P19; SOFT!P"&"19; BASE!P19; ESPORTS!P19 }) <> ""Status"") ) ), """" ) "),"")
A20: 19 | C20: 46253 | D20: =text(C20,"dddd") -> Wednesday | E20: =TEXTJOIN( CHAR(10) & CHAR(10), TRUE, IFERROR(WSO!E20, ""), IFERROR(MSO!E20, ""), IFERROR(FH!E20, ""), IFERROR(MGOLF!E20, ""), IFERROR(Football!E20, ""), IFERROR(WVB!E20, ""), IFERROR(XC!E20, ""), IFERROR(SWIMMING!E20, ""), IFERROR(WTEN!E20, ""), IFERROR(TF!E20, ""), IFERROR(WGOLF!E20, ""), IFERROR(WBB!E20, ""), IFERROR(MBB!E20, ""), IFERROR(WLAX!E20, ""), IFERROR(MLAX!E20, ""), IFERROR(SOFT!E20, ""), IFERROR(BASE!E20, ""), IFERROR(ESPORTS!E20, "") ) | F20: =IFERROR(__xludf.DUMMYFUNCTION("TEXTJOIN( CHAR(10) & CHAR(10), TRUE, IFERROR(TEXT(FILTER(WSO!F20, LEN(WSO!F20)), ""h:mm AM/PM""), """"), IFERROR(TEXT(FILTER(MSO!F20, LEN(MSO!F20)), ""h:mm AM/PM""), """"), IFERROR(TEXT(FILTER(FH!F20, LEN(FH!F20)), ""h:mm AM/PM""), """"), IFER"&"ROR(TEXT(FILTER(MGOLF!F20, LEN(MGOLF!F20)), ""h:mm AM/PM""), """"), IFERROR(TEXT(FILTER(Football!F20, LEN(Football!F20)), ""h:mm AM/PM""), """"), IFERROR(TEXT(FILTER(WVB!F20, LEN(WVB!F20)), ""h:mm AM/PM""), """"), IFERROR(TEXT(FILTER(XC!F20, LEN(XC!"&"F20)), ""h:mm AM/PM""), """"), IFERROR(TEXT(FILTER(SWIMMING!F20, LEN(SWIMMING!F20)), ""h:mm AM/PM""), """"), IFERROR(TEXT(FILTER(WTEN!F20, LEN(WTEN!F20)), ""h:mm AM/PM""), """"), IFERROR(TEXT(FILTER(TF!F20, LEN(TF!F20)), ""h:mm AM/PM""), """"), IF"&"ERROR(TEXT(FILTER(WGOLF!F20, LEN(WGOLF!F20)), ""h:mm AM/PM""), """"), IFERROR(TEXT(FILTER(WBB!F20, LEN(WBB!F20)), ""h:mm AM/PM""), """"), IFERROR(TEXT(FILTER(MBB!F20, LEN(MBB!F20)), ""h:mm AM/PM""), """"), IFERROR(TEXT(FILTER(WLAX!F20, LEN(WLAX!F20)"&"), ""h:mm AM/PM""), """"), IFERROR(TEXT(FILTER(MLAX!F20, LEN(MLAX!F20)), ""h:mm AM/PM""), """"), IFERROR(TEXT(FILTER(SOFT!F20, LEN(SOFT!F20)), ""h:mm AM/PM""), """"), IFERROR(TEXT(FILTER(BASE!F20, LEN(BASE!F20)), ""h:mm AM/PM""), """"), IFERROR(TE"&"XT(FILTER(ESPORTS!F20, LEN(ESPORTS!F20)), ""h:mm AM/PM""), """") ) "),"") | G20: =IFERROR(__xludf.DUMMYFUNCTION("TEXTJOIN( CHAR(10) & CHAR(10), TRUE, IFERROR(FILTER(WSO!G20, LEN(WSO!G20)), """"), IFERROR(FILTER(MSO!G20, LEN(MSO!G20)), """"), IFERROR(FILTER(FH!G20, LEN(FH!G20)), """"), IFERROR(FILTER(MGOLF!G20, LEN(MGOLF!G20)), """"), IFERROR(FILTER(Foo"&"tball!G20, LEN(Football!G20)), """"), IFERROR(FILTER(WVB!G20, LEN(WVB!G20)), """"), IFERROR(FILTER(XC!G20, LEN(XC!G20)), """"), IFERROR(FILTER(SWIMMING!G20, LEN(SWIMMING!G20)), """"), IFERROR(FILTER(WTEN!G20, LEN(WTEN!G20)), """"), IFERROR(FILTE"&"R(TF!G20, LEN(TF!G20)), """"), IFERROR(FILTER(WGOLF!G20:G1000, LEN(WGOLF!G20)), """"), IFERROR(FILTER(WBB!G20, LEN(WBB!G20)), """"), IFERROR(FILTER(MBB!G20, LEN(MBB!G20)), """"), IFERROR(FILTER(WLAX!G20, LEN(WLAX!G20)), """"), IFERROR(FILTER(MLA"&"X!G20, LEN(MLAX!G20)), """"), IFERROR(FILTER(SOFT!G20, LEN(SOFT!G20)), """"), IFERROR(FILTER(BASE!G20, LEN(BASE!G20)), """"), IFERROR(FILTER(ESPORTS!G20, LEN(ESPORTS!G20)), """") ) "),"") | H20: =IFERROR(__xludf.DUMMYFUNCTION("TEXTJOIN( CHAR(10) & CHAR(10), TRUE, IFERROR(FILTER(WSO!H20, LEN(WSO!H20)), """"), IFERROR(FILTER(MSO!H20, LEN(MSO!H20)), """"), IFERROR(FILTER(FH!H20, LEN(FH!H20)), """"), IFERROR(FILTER(MGOLF!H20, LEN(MGOLF!H20)), """"), IFERROR(FILTER(Foo"&"tball!H20, LEN(Football!H20)), """"), IFERROR(FILTER(WVB!H20, LEN(WVB!H20)), """"), IFERROR(FILTER(XC!H20, LEN(XC!H20)), """"), IFERROR(FILTER(SWIMMING!H20, LEN(SWIMMING!H20)), """"), IFERROR(FILTER(WTEN!H20, LEN(WTEN!H20)), """"), IFERROR(FILTE"&"R(TF!H20, LEN(TF!H20)), """"), IFERROR(FILTER(WGOLF!H20, LEN(WGOLF!H20)), """"), IFERROR(FILTER(WBB!H20, LEN(WBB!H20)), """"), IFERROR(FILTER(MBB!H20, LEN(MBB!H20)), """"), IFERROR(FILTER(WLAX!H20, LEN(WLAX!H20)), """"), IFERROR(FILTER(MLAX!H20,"&" LEN(MLAX!H20)), """"), IFERROR(FILTER(SOFT!H20, LEN(SOFT!H20)), """"), IFERROR(FILTER(BASE!H20, LEN(BASE!H20)), """"), IFERROR(FILTER(ESPORTS!H20, LEN(ESPORTS!H20)), """") ) "),"") | I20: =IFERROR(__xludf.DUMMYFUNCTION("TEXTJOIN( CHAR(10) & CHAR(10), TRUE, IFERROR(ARRAYFORMULA(TEXT(FILTER(WSO!F20, LEN(WSO!F20)), ""h:mm AM/PM"")), """"), IFERROR(ARRAYFORMULA(TEXT(FILTER(MSO!F20, LEN(MSO!F20)), ""h:mm AM/PM"")), """"), IFERROR(ARRAYFORMULA(TEXT(FILTER(FH!F20, LEN"&"(FH!F20)), ""h:mm AM/PM"")), """"), IFERROR(ARRAYFORMULA(TEXT(FILTER(MGOLF!F20, LEN(MGOLF!F20)), ""h:mm AM/PM"")), """"), IFERROR(ARRAYFORMULA(TEXT(FILTER(Football!F20, LEN(Football!F20)), ""h:mm AM/PM"")), """"), IFERROR(ARRAYFORMULA(TEXT(FILTER(WV"&"B!F20, LEN(WVB!F20)), ""h:mm AM/PM"")), """"), IFERROR(ARRAYFORMULA(TEXT(FILTER(XC!F20, LEN(XC!F20)), ""h:mm AM/PM"")), """"), IFERROR(ARRAYFORMULA(TEXT(FILTER(SWIMMING!F20, LEN(SWIMMING!F20)), ""h:mm AM/PM"")), """"), IFERROR(ARRAYFORMULA(TEXT(FILT"&"ER(WTEN!F20, LEN(WTEN!F20)), ""h:mm AM/PM"")), """"), IFERROR(ARRAYFORMULA(TEXT(FILTER(TF!F20, LEN(TF!F20)), ""h:mm AM/PM"")), """"), IFERROR(ARRAYFORMULA(TEXT(FILTER(WGOLF!F20, LEN(WGOLF!F20)), ""h:mm AM/PM"")), """"), IFERROR(ARRAYFORMULA(TEXT(FIL"&"TER(WBB!F20, LEN(WBB!F20)), ""h:mm AM/PM"")), """"), IFERROR(ARRAYFORMULA(TEXT(FILTER(MBB!F20, LEN(MBB!F20)), ""h:mm AM/PM"")), """"), IFERROR(ARRAYFORMULA(TEXT(FILTER(WLAX!F20, LEN(WLAX!F20)), ""h:mm AM/PM"")), """"), IFERROR(ARRAYFORMULA(TEXT(FILT"&"ER(MLAX!F20, LEN(MLAX!F20)), ""h:mm AM/PM"")), """"), IFERROR(ARRAYFORMULA(TEXT(FILTER(SOFT!F20, LEN(SOFT!F20)), ""h:mm AM/PM"")), """"), IFERROR(ARRAYFORMULA(TEXT(FILTER(BASE!F20, LEN(BASE!F20)), ""h:mm AM/PM"")), """"), IFERROR(ARRAYFORMULA(TEXT(F"&"ILTER(ESPORTS!F20, LEN(ESPORTS!F20)), ""h:mm AM/PM"")), """") ) "),"") | J20: =IFERROR(__xludf.DUMMYFUNCTION("IFERROR( TEXTJOIN( CHAR(10) & CHAR(10), TRUE, FILTER( FLATTEN({ WSO!P20; MSO!P20; FH!P20; MGOLF!P20; Football!P20; WVB!P20; XC!P20; SWIMMING!P20; WTEN!P20; TF!P20; "&" WGOLF!P20; WBB!P20; MBB!P20; WLAX!P20; MLAX!P20; SOFT!P20; BASE!P20; ESPORTS!P20 }), (FLATTEN({ WSO!P20; MSO!P20; FH!P20; MGOLF!P20; Football!P20; WVB!P2"&"0; XC!P20; SWIMMING!P20; WTEN!P20; TF!P20; WGOLF!P20; WBB!P20; MBB!P20; WLAX!P20; MLAX!P20; SOFT!P20; BASE!P20; ESPORTS!P20 }) <> """") * (FLATTEN({ WSO!P"&"20; MSO!P20; FH!P20; MGOLF!P20; Football!P20; WVB!P20; XC!P20; SWIMMING!P20; WTEN!P20; TF!P20; WGOLF!P20; WBB!P20; MBB!P20; WLAX!P20; MLAX!P20; SOFT!P"&"20; BASE!P20; ESPORTS!P20 }) <> ""Status"") ) ), """" ) "),"")
A21: 20 | C21: 46254 | D21: =text(C21,"dddd") -> Thursday | E21: =TEXTJOIN( CHAR(10) & CHAR(10), TRUE, IFERROR(WSO!E21, ""), IFERROR(MSO!E21, ""), IFERROR(FH!E21, ""), IFERROR(MGOLF!E21, ""), IFERROR(Football!E21, ""), IFERROR(WVB!E21, ""), IFERROR(XC!E21, ""), IFERROR(SWIMMING!E21, ""), IFERROR(WTEN!E21, ""), IFERROR(TF!E21, ""), IFERROR(WGOLF!E21, ""), IFERROR(WBB!E21, ""), IFERROR(MBB!E21, ""), IFERROR(WLAX!E21, ""), IFERROR(MLAX!E21, ""), IFERROR(SOFT!E21, ""), IFERROR(BASE!E21, ""), IFERROR(ESPORTS!E21, "") ) | F21: =IFERROR(__xludf.DUMMYFUNCTION("TEXTJOIN( CHAR(10) & CHAR(10), TRUE, IFERROR(TEXT(FILTER(WSO!F21, LEN(WSO!F21)), ""h:mm AM/PM""), """"), IFERROR(TEXT(FILTER(MSO!F21, LEN(MSO!F21)), ""h:mm AM/PM""), """"), IFERROR(TEXT(FILTER(FH!F21, LEN(FH!F21)), ""h:mm AM/PM""), """"), IFER"&"ROR(TEXT(FILTER(MGOLF!F21, LEN(MGOLF!F21)), ""h:mm AM/PM""), """"), IFERROR(TEXT(FILTER(Football!F21, LEN(Football!F21)), ""h:mm AM/PM""), """"), IFERROR(TEXT(FILTER(WVB!F21, LEN(WVB!F21)), ""h:mm AM/PM""), """"), IFERROR(TEXT(FILTER(XC!F21, LEN(XC!"&"F21)), ""h:mm AM/PM""), """"), IFERROR(TEXT(FILTER(SWIMMING!F21, LEN(SWIMMING!F21)), ""h:mm AM/PM""), """"), IFERROR(TEXT(FILTER(WTEN!F21, LEN(WTEN!F21)), ""h:mm AM/PM""), """"), IFERROR(TEXT(FILTER(TF!F21, LEN(TF!F21)), ""h:mm AM/PM""), """"), IF"&"ERROR(TEXT(FILTER(WGOLF!F21, LEN(WGOLF!F21)), ""h:mm AM/PM""), """"), IFERROR(TEXT(FILTER(WBB!F21, LEN(WBB!F21)), ""h:mm AM/PM""), """"), IFERROR(TEXT(FILTER(MBB!F21, LEN(MBB!F21)), ""h:mm AM/PM""), """"), IFERROR(TEXT(FILTER(WLAX!F21, LEN(WLAX!F21)"&"), ""h:mm AM/PM""), """"), IFERROR(TEXT(FILTER(MLAX!F21, LEN(MLAX!F21)), ""h:mm AM/PM""), """"), IFERROR(TEXT(FILTER(SOFT!F21, LEN(SOFT!F21)), ""h:mm AM/PM""), """"), IFERROR(TEXT(FILTER(BASE!F21, LEN(BASE!F21)), ""h:mm AM/PM""), """"), IFERROR(TE"&"XT(FILTER(ESPORTS!F21, LEN(ESPORTS!F21)), ""h:mm AM/PM""), """") ) "),"") | G21: =IFERROR(__xludf.DUMMYFUNCTION("TEXTJOIN( CHAR(10) & CHAR(10), TRUE, IFERROR(FILTER(WSO!G21, LEN(WSO!G21)), """"), IFERROR(FILTER(MSO!G21, LEN(MSO!G21)), """"), IFERROR(FILTER(FH!G21, LEN(FH!G21)), """"), IFERROR(FILTER(MGOLF!G21, LEN(MGOLF!G21)), """"), IFERROR(FILTER(Foo"&"tball!G21, LEN(Football!G21)), """"), IFERROR(FILTER(WVB!G21, LEN(WVB!G21)), """"), IFERROR(FILTER(XC!G21, LEN(XC!G21)), """"), IFERROR(FILTER(SWIMMING!G21, LEN(SWIMMING!G21)), """"), IFERROR(FILTER(WTEN!G21, LEN(WTEN!G21)), """"), IFERROR(FILTE"&"R(TF!G21, LEN(TF!G21)), """"), IFERROR(FILTER(WGOLF!G21:G1000, LEN(WGOLF!G21)), """"), IFERROR(FILTER(WBB!G21, LEN(WBB!G21)), """"), IFERROR(FILTER(MBB!G21, LEN(MBB!G21)), """"), IFERROR(FILTER(WLAX!G21, LEN(WLAX!G21)), """"), IFERROR(FILTER(MLA"&"X!G21, LEN(MLAX!G21)), """"), IFERROR(FILTER(SOFT!G21, LEN(SOFT!G21)), """"), IFERROR(FILTER(BASE!G21, LEN(BASE!G21)), """"), IFERROR(FILTER(ESPORTS!G21, LEN(ESPORTS!G21)), """") ) "),"") | H21: =IFERROR(__xludf.DUMMYFUNCTION("TEXTJOIN( CHAR(10) & CHAR(10), TRUE, IFERROR(FILTER(WSO!H21, LEN(WSO!H21)), """"), IFERROR(FILTER(MSO!H21, LEN(MSO!H21)), """"), IFERROR(FILTER(FH!H21, LEN(FH!H21)), """"), IFERROR(FILTER(MGOLF!H21, LEN(MGOLF!H21)), """"), IFERROR(FILTER(Foo"&"tball!H21, LEN(Football!H21)), """"), IFERROR(FILTER(WVB!H21, LEN(WVB!H21)), """"), IFERROR(FILTER(XC!H21, LEN(XC!H21)), """"), IFERROR(FILTER(SWIMMING!H21, LEN(SWIMMING!H21)), """"), IFERROR(FILTER(WTEN!H21, LEN(WTEN!H21)), """"), IFERROR(FILTE"&"R(TF!H21, LEN(TF!H21)), """"), IFERROR(FILTER(WGOLF!H21, LEN(WGOLF!H21)), """"), IFERROR(FILTER(WBB!H21, LEN(WBB!H21)), """"), IFERROR(FILTER(MBB!H21, LEN(MBB!H21)), """"), IFERROR(FILTER(WLAX!H21, LEN(WLAX!H21)), """"), IFERROR(FILTER(MLAX!H21,"&" LEN(MLAX!H21)), """"), IFERROR(FILTER(SOFT!H21, LEN(SOFT!H21)), """"), IFERROR(FILTER(BASE!H21, LEN(BASE!H21)), """"), IFERROR(FILTER(ESPORTS!H21, LEN(ESPORTS!H21)), """") ) "),"") | I21: =IFERROR(__xludf.DUMMYFUNCTION("TEXTJOIN( CHAR(10) & CHAR(10), TRUE, IFERROR(ARRAYFORMULA(TEXT(FILTER(WSO!F21, LEN(WSO!F21)), ""h:mm AM/PM"")), """"), IFERROR(ARRAYFORMULA(TEXT(FILTER(MSO!F21, LEN(MSO!F21)), ""h:mm AM/PM"")), """"), IFERROR(ARRAYFORMULA(TEXT(FILTER(FH!F21, LEN"&"(FH!F21)), ""h:mm AM/PM"")), """"), IFERROR(ARRAYFORMULA(TEXT(FILTER(MGOLF!F21, LEN(MGOLF!F21)), ""h:mm AM/PM"")), """"), IFERROR(ARRAYFORMULA(TEXT(FILTER(Football!F21, LEN(Football!F21)), ""h:mm AM/PM"")), """"), IFERROR(ARRAYFORMULA(TEXT(FILTER(WV"&"B!F21, LEN(WVB!F21)), ""h:mm AM/PM"")), """"), IFERROR(ARRAYFORMULA(TEXT(FILTER(XC!F21, LEN(XC!F21)), ""h:mm AM/PM"")), """"), IFERROR(ARRAYFORMULA(TEXT(FILTER(SWIMMING!F21, LEN(SWIMMING!F21)), ""h:mm AM/PM"")), """"), IFERROR(ARRAYFORMULA(TEXT(FILT"&"ER(WTEN!F21, LEN(WTEN!F21)), ""h:mm AM/PM"")), """"), IFERROR(ARRAYFORMULA(TEXT(FILTER(TF!F21, LEN(TF!F21)), ""h:mm AM/PM"")), """"), IFERROR(ARRAYFORMULA(TEXT(FILTER(WGOLF!F21, LEN(WGOLF!F21)), ""h:mm AM/PM"")), """"), IFERROR(ARRAYFORMULA(TEXT(FIL"&"TER(WBB!F21, LEN(WBB!F21)), ""h:mm AM/PM"")), """"), IFERROR(ARRAYFORMULA(TEXT(FILTER(MBB!F21, LEN(MBB!F21)), ""h:mm AM/PM"")), """"), IFERROR(ARRAYFORMULA(TEXT(FILTER(WLAX!F21, LEN(WLAX!F21)), ""h:mm AM/PM"")), """"), IFERROR(ARRAYFORMULA(TEXT(FILT"&"ER(MLAX!F21, LEN(MLAX!F21)), ""h:mm AM/PM"")), """"), IFERROR(ARRAYFORMULA(TEXT(FILTER(SOFT!F21, LEN(SOFT!F21)), ""h:mm AM/PM"")), """"), IFERROR(ARRAYFORMULA(TEXT(FILTER(BASE!F21, LEN(BASE!F21)), ""h:mm AM/PM"")), """"), IFERROR(ARRAYFORMULA(TEXT(F"&"ILTER(ESPORTS!F21, LEN(ESPORTS!F21)), ""h:mm AM/PM"")), """") ) "),"") | J21: =IFERROR(__xludf.DUMMYFUNCTION("IFERROR( TEXTJOIN( CHAR(10) & CHAR(10), TRUE, FILTER( FLATTEN({ WSO!P21; MSO!P21; FH!P21; MGOLF!P21; Football!P21; WVB!P21; XC!P21; SWIMMING!P21; WTEN!P21; TF!P21; "&" WGOLF!P21; WBB!P21; MBB!P21; WLAX!P21; MLAX!P21; SOFT!P21; BASE!P21; ESPORTS!P21 }), (FLATTEN({ WSO!P21; MSO!P21; FH!P21; MGOLF!P21; Football!P21; WVB!P2"&"1; XC!P21; SWIMMING!P21; WTEN!P21; TF!P21; WGOLF!P21; WBB!P21; MBB!P21; WLAX!P21; MLAX!P21; SOFT!P21; BASE!P21; ESPORTS!P21 }) <> """") * (FLATTEN({ WSO!P"&"21; MSO!P21; FH!P21; MGOLF!P21; Football!P21; WVB!P21; XC!P21; SWIMMING!P21; WTEN!P21; TF!P21; WGOLF!P21; WBB!P21; MBB!P21; WLAX!P21; MLAX!P21; SOFT!P"&"21; BASE!P21; ESPORTS!P21 }) <> ""Status"") ) ), """" ) "),"")
A22: 21 | C22: 46255 | D22: =text(C22,"dddd") -> Friday | E22: =TEXTJOIN( CHAR(10) & CHAR(10), TRUE, IFERROR(WSO!E22, ""), IFERROR(MSO!E22, ""), IFERROR(FH!E22, ""), IFERROR(MGOLF!E22, ""), IFERROR(Football!E22, ""), IFERROR(WVB!E22, ""), IFERROR(XC!E22, ""), IFERROR(SWIMMING!E22, ""), IFERROR(WTEN!E22, ""), IFERROR(TF!E22, ""), IFERROR(WGOLF!E22, ""), IFERROR(WBB!E22, ""), IFERROR(MBB!E22, ""), IFERROR(WLAX!E22, ""), IFERROR(MLAX!E22, ""), IFERROR(SOFT!E22, ""), IFERROR(BASE!E22, ""), IFERROR(ESPORTS!E22, "") ) | F22: =IFERROR(__xludf.DUMMYFUNCTION("TEXTJOIN( CHAR(10) & CHAR(10), TRUE, IFERROR(TEXT(FILTER(WSO!F22, LEN(WSO!F22)), ""h:mm AM/PM""), """"), IFERROR(TEXT(FILTER(MSO!F22, LEN(MSO!F22)), ""h:mm AM/PM""), """"), IFERROR(TEXT(FILTER(FH!F22, LEN(FH!F22)), ""h:mm AM/PM""), """"), IFER"&"ROR(TEXT(FILTER(MGOLF!F22, LEN(MGOLF!F22)), ""h:mm AM/PM""), """"), IFERROR(TEXT(FILTER(Football!F22, LEN(Football!F22)), ""h:mm AM/PM""), """"), IFERROR(TEXT(FILTER(WVB!F22, LEN(WVB!F22)), ""h:mm AM/PM""), """"), IFERROR(TEXT(FILTER(XC!F22, LEN(XC!"&"F22)), ""h:mm AM/PM""), """"), IFERROR(TEXT(FILTER(SWIMMING!F22, LEN(SWIMMING!F22)), ""h:mm AM/PM""), """"), IFERROR(TEXT(FILTER(WTEN!F22, LEN(WTEN!F22)), ""h:mm AM/PM""), """"), IFERROR(TEXT(FILTER(TF!F22, LEN(TF!F22)), ""h:mm AM/PM""), """"), IF"&"ERROR(TEXT(FILTER(WGOLF!F22, LEN(WGOLF!F22)), ""h:mm AM/PM""), """"), IFERROR(TEXT(FILTER(WBB!F22, LEN(WBB!F22)), ""h:mm AM/PM""), """"), IFERROR(TEXT(FILTER(MBB!F22, LEN(MBB!F22)), ""h:mm AM/PM""), """"), IFERROR(TEXT(FILTER(WLAX!F22, LEN(WLAX!F22)"&"), ""h:mm AM/PM""), """"), IFERROR(TEXT(FILTER(MLAX!F22, LEN(MLAX!F22)), ""h:mm AM/PM""), """"), IFERROR(TEXT(FILTER(SOFT!F22, LEN(SOFT!F22)), ""h:mm AM/PM""), """"), IFERROR(TEXT(FILTER(BASE!F22, LEN(BASE!F22)), ""h:mm AM/PM""), """"), IFERROR(TE"&"XT(FILTER(ESPORTS!F22, LEN(ESPORTS!F22)), ""h:mm AM/PM""), """") ) "),"") | G22: =IFERROR(__xludf.DUMMYFUNCTION("TEXTJOIN( CHAR(10) & CHAR(10), TRUE, IFERROR(FILTER(WSO!G22, LEN(WSO!G22)), """"), IFERROR(FILTER(MSO!G22, LEN(MSO!G22)), """"), IFERROR(FILTER(FH!G22, LEN(FH!G22)), """"), IFERROR(FILTER(MGOLF!G22, LEN(MGOLF!G22)), """"), IFERROR(FILTER(Foo"&"tball!G22, LEN(Football!G22)), """"), IFERROR(FILTER(WVB!G22, LEN(WVB!G22)), """"), IFERROR(FILTER(XC!G22, LEN(XC!G22)), """"), IFERROR(FILTER(SWIMMING!G22, LEN(SWIMMING!G22)), """"), IFERROR(FILTER(WTEN!G22, LEN(WTEN!G22)), """"), IFERROR(FILTE"&"R(TF!G22, LEN(TF!G22)), """"), IFERROR(FILTER(WGOLF!G22:G1000, LEN(WGOLF!G22)), """"), IFERROR(FILTER(WBB!G22, LEN(WBB!G22)), """"), IFERROR(FILTER(MBB!G22, LEN(MBB!G22)), """"), IFERROR(FILTER(WLAX!G22, LEN(WLAX!G22)), """"), IFERROR(FILTER(MLA"&"X!G22, LEN(MLAX!G22)), """"), IFERROR(FILTER(SOFT!G22, LEN(SOFT!G22)), """"), IFERROR(FILTER(BASE!G22, LEN(BASE!G22)), """"), IFERROR(FILTER(ESPORTS!G22, LEN(ESPORTS!G22)), """") ) "),"") | H22: =IFERROR(__xludf.DUMMYFUNCTION("TEXTJOIN( CHAR(10) & CHAR(10), TRUE, IFERROR(FILTER(WSO!H22, LEN(WSO!H22)), """"), IFERROR(FILTER(MSO!H22, LEN(MSO!H22)), """"), IFERROR(FILTER(FH!H22, LEN(FH!H22)), """"), IFERROR(FILTER(MGOLF!H22, LEN(MGOLF!H22)), """"), IFERROR(FILTER(Foo"&"tball!H22, LEN(Football!H22)), """"), IFERROR(FILTER(WVB!H22, LEN(WVB!H22)), """"), IFERROR(FILTER(XC!H22, LEN(XC!H22)), """"), IFERROR(FILTER(SWIMMING!H22, LEN(SWIMMING!H22)), """"), IFERROR(FILTER(WTEN!H22, LEN(WTEN!H22)), """"), IFERROR(FILTE"&"R(TF!H22, LEN(TF!H22)), """"), IFERROR(FILTER(WGOLF!H22, LEN(WGOLF!H22)), """"), IFERROR(FILTER(WBB!H22, LEN(WBB!H22)), """"), IFERROR(FILTER(MBB!H22, LEN(MBB!H22)), """"), IFERROR(FILTER(WLAX!H22, LEN(WLAX!H22)), """"), IFERROR(FILTER(MLAX!H22,"&" LEN(MLAX!H22)), """"), IFERROR(FILTER(SOFT!H22, LEN(SOFT!H22)), """"), IFERROR(FILTER(BASE!H22, LEN(BASE!H22)), """"), IFERROR(FILTER(ESPORTS!H22, LEN(ESPORTS!H22)), """") ) "),"") | I22: =IFERROR(__xludf.DUMMYFUNCTION("TEXTJOIN( CHAR(10) & CHAR(10), TRUE, IFERROR(ARRAYFORMULA(TEXT(FILTER(WSO!F22, LEN(WSO!F22)), ""h:mm AM/PM"")), """"), IFERROR(ARRAYFORMULA(TEXT(FILTER(MSO!F22, LEN(MSO!F22)), ""h:mm AM/PM"")), """"), IFERROR(ARRAYFORMULA(TEXT(FILTER(FH!F22, LEN"&"(FH!F22)), ""h:mm AM/PM"")), """"), IFERROR(ARRAYFORMULA(TEXT(FILTER(MGOLF!F22, LEN(MGOLF!F22)), ""h:mm AM/PM"")), """"), IFERROR(ARRAYFORMULA(TEXT(FILTER(Football!F22, LEN(Football!F22)), ""h:mm AM/PM"")), """"), IFERROR(ARRAYFORMULA(TEXT(FILTER(WV"&"B!F22, LEN(WVB!F22)), ""h:mm AM/PM"")), """"), IFERROR(ARRAYFORMULA(TEXT(FILTER(XC!F22, LEN(XC!F22)), ""h:mm AM/PM"")), """"), IFERROR(ARRAYFORMULA(TEXT(FILTER(SWIMMING!F22, LEN(SWIMMING!F22)), ""h:mm AM/PM"")), """"), IFERROR(ARRAYFORMULA(TEXT(FILT"&"ER(WTEN!F22, LEN(WTEN!F22)), ""h:mm AM/PM"")), """"), IFERROR(ARRAYFORMULA(TEXT(FILTER(TF!F22, LEN(TF!F22)), ""h:mm AM/PM"")), """"), IFERROR(ARRAYFORMULA(TEXT(FILTER(WGOLF!F22, LEN(WGOLF!F22)), ""h:mm AM/PM"")), """"), IFERROR(ARRAYFORMULA(TEXT(FIL"&"TER(WBB!F22, LEN(WBB!F22)), ""h:mm AM/PM"")), """"), IFERROR(ARRAYFORMULA(TEXT(FILTER(MBB!F22, LEN(MBB!F22)), ""h:mm AM/PM"")), """"), IFERROR(ARRAYFORMULA(TEXT(FILTER(WLAX!F22, LEN(WLAX!F22)), ""h:mm AM/PM"")), """"), IFERROR(ARRAYFORMULA(TEXT(FILT"&"ER(MLAX!F22, LEN(MLAX!F22)), ""h:mm AM/PM"")), """"), IFERROR(ARRAYFORMULA(TEXT(FILTER(SOFT!F22, LEN(SOFT!F22)), ""h:mm AM/PM"")), """"), IFERROR(ARRAYFORMULA(TEXT(FILTER(BASE!F22, LEN(BASE!F22)), ""h:mm AM/PM"")), """"), IFERROR(ARRAYFORMULA(TEXT(F"&"ILTER(ESPORTS!F22, LEN(ESPORTS!F22)), ""h:mm AM/PM"")), """") ) "),"") | J22: =IFERROR(__xludf.DUMMYFUNCTION("IFERROR( TEXTJOIN( CHAR(10) & CHAR(10), TRUE, FILTER( FLATTEN({ WSO!P22; MSO!P22; FH!P22; MGOLF!P22; Football!P22; WVB!P22; XC!P22; SWIMMING!P22; WTEN!P22; TF!P22; "&" WGOLF!P22; WBB!P22; MBB!P22; WLAX!P22; MLAX!P22; SOFT!P22; BASE!P22; ESPORTS!P22 }), (FLATTEN({ WSO!P22; MSO!P22; FH!P22; MGOLF!P22; Football!P22; WVB!P2"&"2; XC!P22; SWIMMING!P22; WTEN!P22; TF!P22; WGOLF!P22; WBB!P22; MBB!P22; WLAX!P22; MLAX!P22; SOFT!P22; BASE!P22; ESPORTS!P22 }) <> """") * (FLATTEN({ WSO!P"&"22; MSO!P22; FH!P22; MGOLF!P22; Football!P22; WVB!P22; XC!P22; SWIMMING!P22; WTEN!P22; TF!P22; WGOLF!P22; WBB!P22; MBB!P22; WLAX!P22; MLAX!P22; SOFT!P"&"22; BASE!P22; ESPORTS!P22 }) <> ""Status"") ) ), """" ) "),"")
A23: 22 | C23: 46256 | D23: =text(C23,"dddd") -> Saturday | E23: =TEXTJOIN( CHAR(10) & CHAR(10), TRUE, IFERROR(WSO!E23, ""), IFERROR(MSO!E23, ""), IFERROR(FH!E23, ""), IFERROR(MGOLF!E23, ""), IFERROR(Football!E23, ""), IFERROR(WVB!E23, ""), IFERROR(XC!E23, ""), IFERROR(SWIMMING!E23, ""), IFERROR(WTEN!E23, ""), IFERROR(TF!E23, ""), IFERROR(WGOLF!E23, ""), IFERROR(WBB!E23, ""), IFERROR(MBB!E23, ""), IFERROR(WLAX!E23, ""), IFERROR(MLAX!E23, ""), IFERROR(SOFT!E23, ""), IFERROR(BASE!E23, ""), IFERROR(ESPORTS!E23, "") ) -> MSO | F23: =IFERROR(__xludf.DUMMYFUNCTION("TEXTJOIN( CHAR(10) & CHAR(10), TRUE, IFERROR(TEXT(FILTER(WSO!F23, LEN(WSO!F23)), ""h:mm AM/PM""), """"), IFERROR(TEXT(FILTER(MSO!F23, LEN(MSO!F23)), ""h:mm AM/PM""), """"), IFERROR(TEXT(FILTER(FH!F23, LEN(FH!F23)), ""h:mm AM/PM""), """"), IFER"&"ROR(TEXT(FILTER(MGOLF!F23, LEN(MGOLF!F23)), ""h:mm AM/PM""), """"), IFERROR(TEXT(FILTER(Football!F23, LEN(Football!F23)), ""h:mm AM/PM""), """"), IFERROR(TEXT(FILTER(WVB!F23, LEN(WVB!F23)), ""h:mm AM/PM""), """"), IFERROR(TEXT(FILTER(XC!F23, LEN(XC!"&"F23)), ""h:mm AM/PM""), """"), IFERROR(TEXT(FILTER(SWIMMING!F23, LEN(SWIMMING!F23)), ""h:mm AM/PM""), """"), IFERROR(TEXT(FILTER(WTEN!F23, LEN(WTEN!F23)), ""h:mm AM/PM""), """"), IFERROR(TEXT(FILTER(TF!F23, LEN(TF!F23)), ""h:mm AM/PM""), """"), IF"&"ERROR(TEXT(FILTER(WGOLF!F23, LEN(WGOLF!F23)), ""h:mm AM/PM""), """"), IFERROR(TEXT(FILTER(WBB!F23, LEN(WBB!F23)), ""h:mm AM/PM""), """"), IFERROR(TEXT(FILTER(MBB!F23, LEN(MBB!F23)), ""h:mm AM/PM""), """"), IFERROR(TEXT(FILTER(WLAX!F23, LEN(WLAX!F23)"&"), ""h:mm AM/PM""), """"), IFERROR(TEXT(FILTER(MLAX!F23, LEN(MLAX!F23)), ""h:mm AM/PM""), """"), IFERROR(TEXT(FILTER(SOFT!F23, LEN(SOFT!F23)), ""h:mm AM/PM""), """"), IFERROR(TEXT(FILTER(BASE!F23, LEN(BASE!F23)), ""h:mm AM/PM""), """"), IFERROR(TE"&"XT(FILTER(ESPORTS!F23, LEN(ESPORTS!F23)), ""h:mm AM/PM""), """") ) "),"3:00 PM") -> 3:00 PM | G23: =IFERROR(__xludf.DUMMYFUNCTION("TEXTJOIN( CHAR(10) & CHAR(10), TRUE, IFERROR(FILTER(WSO!G23, LEN(WSO!G23)), """"), IFERROR(FILTER(MSO!G23, LEN(MSO!G23)), """"), IFERROR(FILTER(FH!G23, LEN(FH!G23)), """"), IFERROR(FILTER(MGOLF!G23, LEN(MGOLF!G23)), """"), IFERROR(FILTER(Foo"&"tball!G23, LEN(Football!G23)), """"), IFERROR(FILTER(WVB!G23, LEN(WVB!G23)), """"), IFERROR(FILTER(XC!G23, LEN(XC!G23)), """"), IFERROR(FILTER(SWIMMING!G23, LEN(SWIMMING!G23)), """"), IFERROR(FILTER(WTEN!G23, LEN(WTEN!G23)), """"), IFERROR(FILTE"&"R(TF!G23, LEN(TF!G23)), """"), IFERROR(FILTER(WGOLF!G23:G1000, LEN(WGOLF!G23)), """"), IFERROR(FILTER(WBB!G23, LEN(WBB!G23)), """"), IFERROR(FILTER(MBB!G23, LEN(MBB!G23)), """"), IFERROR(FILTER(WLAX!G23, LEN(WLAX!G23)), """"), IFERROR(FILTER(MLA"&"X!G23, LEN(MLAX!G23)), """"), IFERROR(FILTER(SOFT!G23, LEN(SOFT!G23)), """"), IFERROR(FILTER(BASE!G23, LEN(BASE!G23)), """"), IFERROR(FILTER(ESPORTS!G23, LEN(ESPORTS!G23)), """") ) "),"UNE") -> UNE | H23: =IFERROR(__xludf.DUMMYFUNCTION("TEXTJOIN( CHAR(10) & CHAR(10), TRUE, IFERROR(FILTER(WSO!H23, LEN(WSO!H23)), """"), IFERROR(FILTER(MSO!H23, LEN(MSO!H23)), """"), IFERROR(FILTER(FH!H23, LEN(FH!H23)), """"), IFERROR(FILTER(MGOLF!H23, LEN(MGOLF!H23)), """"), IFERROR(FILTER(Foo"&"tball!H23, LEN(Football!H23)), """"), IFERROR(FILTER(WVB!H23, LEN(WVB!H23)), """"), IFERROR(FILTER(XC!H23, LEN(XC!H23)), """"), IFERROR(FILTER(SWIMMING!H23, LEN(SWIMMING!H23)), """"), IFERROR(FILTER(WTEN!H23, LEN(WTEN!H23)), """"), IFERROR(FILTE"&"R(TF!H23, LEN(TF!H23)), """"), IFERROR(FILTER(WGOLF!H23, LEN(WGOLF!H23)), """"), IFERROR(FILTER(WBB!H23, LEN(WBB!H23)), """"), IFERROR(FILTER(MBB!H23, LEN(MBB!H23)), """"), IFERROR(FILTER(WLAX!H23, LEN(WLAX!H23)), """"), IFERROR(FILTER(MLAX!H23,"&" LEN(MLAX!H23)), """"), IFERROR(FILTER(SOFT!H23, LEN(SOFT!H23)), """"), IFERROR(FILTER(BASE!H23, LEN(BASE!H23)), """"), IFERROR(FILTER(ESPORTS!H23, LEN(ESPORTS!H23)), """") ) "),"Away") -> Away | I23: =IFERROR(__xludf.DUMMYFUNCTION("TEXTJOIN( CHAR(10) & CHAR(10), TRUE, IFERROR(ARRAYFORMULA(TEXT(FILTER(WSO!F23, LEN(WSO!F23)), ""h:mm AM/PM"")), """"), IFERROR(ARRAYFORMULA(TEXT(FILTER(MSO!F23, LEN(MSO!F23)), ""h:mm AM/PM"")), """"), IFERROR(ARRAYFORMULA(TEXT(FILTER(FH!F23, LEN"&"(FH!F23)), ""h:mm AM/PM"")), """"), IFERROR(ARRAYFORMULA(TEXT(FILTER(MGOLF!F23, LEN(MGOLF!F23)), ""h:mm AM/PM"")), """"), IFERROR(ARRAYFORMULA(TEXT(FILTER(Football!F23, LEN(Football!F23)), ""h:mm AM/PM"")), """"), IFERROR(ARRAYFORMULA(TEXT(FILTER(WV"&"B!F23, LEN(WVB!F23)), ""h:mm AM/PM"")), """"), IFERROR(ARRAYFORMULA(TEXT(FILTER(XC!F23, LEN(XC!F23)), ""h:mm AM/PM"")), """"), IFERROR(ARRAYFORMULA(TEXT(FILTER(SWIMMING!F23, LEN(SWIMMING!F23)), ""h:mm AM/PM"")), """"), IFERROR(ARRAYFORMULA(TEXT(FILT"&"ER(WTEN!F23, LEN(WTEN!F23)), ""h:mm AM/PM"")), """"), IFERROR(ARRAYFORMULA(TEXT(FILTER(TF!F23, LEN(TF!F23)), ""h:mm AM/PM"")), """"), IFERROR(ARRAYFORMULA(TEXT(FILTER(WGOLF!F23, LEN(WGOLF!F23)), ""h:mm AM/PM"")), """"), IFERROR(ARRAYFORMULA(TEXT(FIL"&"TER(WBB!F23, LEN(WBB!F23)), ""h:mm AM/PM"")), """"), IFERROR(ARRAYFORMULA(TEXT(FILTER(MBB!F23, LEN(MBB!F23)), ""h:mm AM/PM"")), """"), IFERROR(ARRAYFORMULA(TEXT(FILTER(WLAX!F23, LEN(WLAX!F23)), ""h:mm AM/PM"")), """"), IFERROR(ARRAYFORMULA(TEXT(FILT"&"ER(MLAX!F23, LEN(MLAX!F23)), ""h:mm AM/PM"")), """"), IFERROR(ARRAYFORMULA(TEXT(FILTER(SOFT!F23, LEN(SOFT!F23)), ""h:mm AM/PM"")), """"), IFERROR(ARRAYFORMULA(TEXT(FILTER(BASE!F23, LEN(BASE!F23)), ""h:mm AM/PM"")), """"), IFERROR(ARRAYFORMULA(TEXT(F"&"ILTER(ESPORTS!F23, LEN(ESPORTS!F23)), ""h:mm AM/PM"")), """") ) "),"3:00 PM") -> 3:00 PM | J23: =IFERROR(__xludf.DUMMYFUNCTION("IFERROR( TEXTJOIN( CHAR(10) & CHAR(10), TRUE, FILTER( FLATTEN({ WSO!P23; MSO!P23; FH!P23; MGOLF!P23; Football!P23; WVB!P23; XC!P23; SWIMMING!P23; WTEN!P23; TF!P23; "&" WGOLF!P23; WBB!P23; MBB!P23; WLAX!P23; MLAX!P23; SOFT!P23; BASE!P23; ESPORTS!P23 }), (FLATTEN({ WSO!P23; MSO!P23; FH!P23; MGOLF!P23; Football!P23; WVB!P2"&"3; XC!P23; SWIMMING!P23; WTEN!P23; TF!P23; WGOLF!P23; WBB!P23; MBB!P23; WLAX!P23; MLAX!P23; SOFT!P23; BASE!P23; ESPORTS!P23 }) <> """") * (FLATTEN({ WSO!P"&"23; MSO!P23; FH!P23; MGOLF!P23; Football!P23; WVB!P23; XC!P23; SWIMMING!P23; WTEN!P23; TF!P23; WGOLF!P23; WBB!P23; MBB!P23; WLAX!P23; MLAX!P23; SOFT!P"&"23; BASE!P23; ESPORTS!P23 }) <> ""Status"") ) ), """" ) "),"⌛️ Pending") -> ⌛️ Pending
A24: 23 | C24: 46257 | D24: =text(C24,"dddd") -> Sunday | E24: =TEXTJOIN( CHAR(10) & CHAR(10), TRUE, IFERROR(WSO!E24, ""), IFERROR(MSO!E24, ""), IFERROR(FH!E24, ""), IFERROR(MGOLF!E24, ""), IFERROR(Football!E24, ""), IFERROR(WVB!E24, ""), IFERROR(XC!E24, ""), IFERROR(SWIMMING!E24, ""), IFERROR(WTEN!E24, ""), IFERROR(TF!E24, ""), IFERROR(WGOLF!E24, ""), IFERROR(WBB!E24, ""), IFERROR(MBB!E24, ""), IFERROR(WLAX!E24, ""), IFERROR(MLAX!E24, ""), IFERROR(SOFT!E24, ""), IFERROR(BASE!E24, ""), IFERROR(ESPORTS!E24, "") ) | F24: =IFERROR(__xludf.DUMMYFUNCTION("TEXTJOIN( CHAR(10) & CHAR(10), TRUE, IFERROR(TEXT(FILTER(WSO!F24, LEN(WSO!F24)), ""h:mm AM/PM""), """"), IFERROR(TEXT(FILTER(MSO!F24, LEN(MSO!F24)), ""h:mm AM/PM""), """"), IFERROR(TEXT(FILTER(FH!F24, LEN(FH!F24)), ""h:mm AM/PM""), """"), IFER"&"ROR(TEXT(FILTER(MGOLF!F24, LEN(MGOLF!F24)), ""h:mm AM/PM""), """"), IFERROR(TEXT(FILTER(Football!F24, LEN(Football!F24)), ""h:mm AM/PM""), """"), IFERROR(TEXT(FILTER(WVB!F24, LEN(WVB!F24)), ""h:mm AM/PM""), """"), IFERROR(TEXT(FILTER(XC!F24, LEN(XC!"&"F24)), ""h:mm AM/PM""), """"), IFERROR(TEXT(FILTER(SWIMMING!F24, LEN(SWIMMING!F24)), ""h:mm AM/PM""), """"), IFERROR(TEXT(FILTER(WTEN!F24, LEN(WTEN!F24)), ""h:mm AM/PM""), """"), IFERROR(TEXT(FILTER(TF!F24, LEN(TF!F24)), ""h:mm AM/PM""), """"), IF"&"ERROR(TEXT(FILTER(WGOLF!F24, LEN(WGOLF!F24)), ""h:mm AM/PM""), """"), IFERROR(TEXT(FILTER(WBB!F24, LEN(WBB!F24)), ""h:mm AM/PM""), """"), IFERROR(TEXT(FILTER(MBB!F24, LEN(MBB!F24)), ""h:mm AM/PM""), """"), IFERROR(TEXT(FILTER(WLAX!F24, LEN(WLAX!F24)"&"), ""h:mm AM/PM""), """"), IFERROR(TEXT(FILTER(MLAX!F24, LEN(MLAX!F24)), ""h:mm AM/PM""), """"), IFERROR(TEXT(FILTER(SOFT!F24, LEN(SOFT!F24)), ""h:mm AM/PM""), """"), IFERROR(TEXT(FILTER(BASE!F24, LEN(BASE!F24)), ""h:mm AM/PM""), """"), IFERROR(TE"&"XT(FILTER(ESPORTS!F24, LEN(ESPORTS!F24)), ""h:mm AM/PM""), """") ) "),"") | G24: =IFERROR(__xludf.DUMMYFUNCTION("TEXTJOIN( CHAR(10) & CHAR(10), TRUE, IFERROR(FILTER(WSO!G24, LEN(WSO!G24)), """"), IFERROR(FILTER(MSO!G24, LEN(MSO!G24)), """"), IFERROR(FILTER(FH!G24, LEN(FH!G24)), """"), IFERROR(FILTER(MGOLF!G24, LEN(MGOLF!G24)), """"), IFERROR(FILTER(Foo"&"tball!G24, LEN(Football!G24)), """"), IFERROR(FILTER(WVB!G24, LEN(WVB!G24)), """"), IFERROR(FILTER(XC!G24, LEN(XC!G24)), """"), IFERROR(FILTER(SWIMMING!G24, LEN(SWIMMING!G24)), """"), IFERROR(FILTER(WTEN!G24, LEN(WTEN!G24)), """"), IFERROR(FILTE"&"R(TF!G24, LEN(TF!G24)), """"), IFERROR(FILTER(WGOLF!G24:G1000, LEN(WGOLF!G24)), """"), IFERROR(FILTER(WBB!G24, LEN(WBB!G24)), """"), IFERROR(FILTER(MBB!G24, LEN(MBB!G24)), """"), IFERROR(FILTER(WLAX!G24, LEN(WLAX!G24)), """"), IFERROR(FILTER(MLA"&"X!G24, LEN(MLAX!G24)), """"), IFERROR(FILTER(SOFT!G24, LEN(SOFT!G24)), """"), IFERROR(FILTER(BASE!G24, LEN(BASE!G24)), """"), IFERROR(FILTER(ESPORTS!G24, LEN(ESPORTS!G24)), """") ) "),"") | H24: =IFERROR(__xludf.DUMMYFUNCTION("TEXTJOIN( CHAR(10) & CHAR(10), TRUE, IFERROR(FILTER(WSO!H24, LEN(WSO!H24)), """"), IFERROR(FILTER(MSO!H24, LEN(MSO!H24)), """"), IFERROR(FILTER(FH!H24, LEN(FH!H24)), """"), IFERROR(FILTER(MGOLF!H24, LEN(MGOLF!H24)), """"), IFERROR(FILTER(Foo"&"tball!H24, LEN(Football!H24)), """"), IFERROR(FILTER(WVB!H24, LEN(WVB!H24)), """"), IFERROR(FILTER(XC!H24, LEN(XC!H24)), """"), IFERROR(FILTER(SWIMMING!H24, LEN(SWIMMING!H24)), """"), IFERROR(FILTER(WTEN!H24, LEN(WTEN!H24)), """"), IFERROR(FILTE"&"R(TF!H24, LEN(TF!H24)), """"), IFERROR(FILTER(WGOLF!H24, LEN(WGOLF!H24)), """"), IFERROR(FILTER(WBB!H24, LEN(WBB!H24)), """"), IFERROR(FILTER(MBB!H24, LEN(MBB!H24)), """"), IFERROR(FILTER(WLAX!H24, LEN(WLAX!H24)), """"), IFERROR(FILTER(MLAX!H24,"&" LEN(MLAX!H24)), """"), IFERROR(FILTER(SOFT!H24, LEN(SOFT!H24)), """"), IFERROR(FILTER(BASE!H24, LEN(BASE!H24)), """"), IFERROR(FILTER(ESPORTS!H24, LEN(ESPORTS!H24)), """") ) "),"") | I24: =IFERROR(__xludf.DUMMYFUNCTION("TEXTJOIN( CHAR(10) & CHAR(10), TRUE, IFERROR(ARRAYFORMULA(TEXT(FILTER(WSO!F24, LEN(WSO!F24)), ""h:mm AM/PM"")), """"), IFERROR(ARRAYFORMULA(TEXT(FILTER(MSO!F24, LEN(MSO!F24)), ""h:mm AM/PM"")), """"), IFERROR(ARRAYFORMULA(TEXT(FILTER(FH!F24, LEN"&"(FH!F24)), ""h:mm AM/PM"")), """"), IFERROR(ARRAYFORMULA(TEXT(FILTER(MGOLF!F24, LEN(MGOLF!F24)), ""h:mm AM/PM"")), """"), IFERROR(ARRAYFORMULA(TEXT(FILTER(Football!F24, LEN(Football!F24)), ""h:mm AM/PM"")), """"), IFERROR(ARRAYFORMULA(TEXT(FILTER(WV"&"B!F24, LEN(WVB!F24)), ""h:mm AM/PM"")), """"), IFERROR(ARRAYFORMULA(TEXT(FILTER(XC!F24, LEN(XC!F24)), ""h:mm AM/PM"")), """"), IFERROR(ARRAYFORMULA(TEXT(FILTER(SWIMMING!F24, LEN(SWIMMING!F24)), ""h:mm AM/PM"")), """"), IFERROR(ARRAYFORMULA(TEXT(FILT"&"ER(WTEN!F24, LEN(WTEN!F24)), ""h:mm AM/PM"")), """"), IFERROR(ARRAYFORMULA(TEXT(FILTER(TF!F24, LEN(TF!F24)), ""h:mm AM/PM"")), """"), IFERROR(ARRAYFORMULA(TEXT(FILTER(WGOLF!F24, LEN(WGOLF!F24)), ""h:mm AM/PM"")), """"), IFERROR(ARRAYFORMULA(TEXT(FIL"&"TER(WBB!F24, LEN(WBB!F24)), ""h:mm AM/PM"")), """"), IFERROR(ARRAYFORMULA(TEXT(FILTER(MBB!F24, LEN(MBB!F24)), ""h:mm AM/PM"")), """"), IFERROR(ARRAYFORMULA(TEXT(FILTER(WLAX!F24, LEN(WLAX!F24)), ""h:mm AM/PM"")), """"), IFERROR(ARRAYFORMULA(TEXT(FILT"&"ER(MLAX!F24, LEN(MLAX!F24)), ""h:mm AM/PM"")), """"), IFERROR(ARRAYFORMULA(TEXT(FILTER(SOFT!F24, LEN(SOFT!F24)), ""h:mm AM/PM"")), """"), IFERROR(ARRAYFORMULA(TEXT(FILTER(BASE!F24, LEN(BASE!F24)), ""h:mm AM/PM"")), """"), IFERROR(ARRAYFORMULA(TEXT(F"&"ILTER(ESPORTS!F24, LEN(ESPORTS!F24)), ""h:mm AM/PM"")), """") ) "),"") | J24: =IFERROR(__xludf.DUMMYFUNCTION("IFERROR( TEXTJOIN( CHAR(10) & CHAR(10), TRUE, FILTER( FLATTEN({ WSO!P24; MSO!P24; FH!P24; MGOLF!P24; Football!P24; WVB!P24; XC!P24; SWIMMING!P24; WTEN!P24; TF!P24; "&" WGOLF!P24; WBB!P24; MBB!P24; WLAX!P24; MLAX!P24; SOFT!P24; BASE!P24; ESPORTS!P24 }), (FLATTEN({ WSO!P24; MSO!P24; FH!P24; MGOLF!P24; Football!P24; WVB!P2"&"4; XC!P24; SWIMMING!P24; WTEN!P24; TF!P24; WGOLF!P24; WBB!P24; MBB!P24; WLAX!P24; MLAX!P24; SOFT!P24; BASE!P24; ESPORTS!P24 }) <> """") * (FLATTEN({ WSO!P"&"24; MSO!P24; FH!P24; MGOLF!P24; Football!P24; WVB!P24; XC!P24; SWIMMING!P24; WTEN!P24; TF!P24; WGOLF!P24; WBB!P24; MBB!P24; WLAX!P24; MLAX!P24; SOFT!P"&"24; BASE!P24; ESPORTS!P24 }) <> ""Status"") ) ), """" ) "),"")
A25: 24 | C25: 46258 | D25: =text(C25,"dddd") -> Monday | E25: =TEXTJOIN( CHAR(10) & CHAR(10), TRUE, IFERROR(WSO!E25, ""), IFERROR(MSO!E25, ""), IFERROR(FH!E25, ""), IFERROR(MGOLF!E25, ""), IFERROR(Football!E25, ""), IFERROR(WVB!E25, ""), IFERROR(XC!E25, ""), IFERROR(SWIMMING!E25, ""), IFERROR(WTEN!E25, ""), IFERROR(TF!E25, ""), IFERROR(WGOLF!E25, ""), IFERROR(WBB!E25, ""), IFERROR(MBB!E25, ""), IFERROR(WLAX!E25, ""), IFERROR(MLAX!E25, ""), IFERROR(SOFT!E25, ""), IFERROR(BASE!E25, ""), IFERROR(ESPORTS!E25, "") ) | F25: =IFERROR(__xludf.DUMMYFUNCTION("TEXTJOIN( CHAR(10) & CHAR(10), TRUE, IFERROR(TEXT(FILTER(WSO!F25, LEN(WSO!F25)), ""h:mm AM/PM""), """"), IFERROR(TEXT(FILTER(MSO!F25, LEN(MSO!F25)), ""h:mm AM/PM""), """"), IFERROR(TEXT(FILTER(FH!F25, LEN(FH!F25)), ""h:mm AM/PM""), """"), IFER"&"ROR(TEXT(FILTER(MGOLF!F25, LEN(MGOLF!F25)), ""h:mm AM/PM""), """"), IFERROR(TEXT(FILTER(Football!F25, LEN(Football!F25)), ""h:mm AM/PM""), """"), IFERROR(TEXT(FILTER(WVB!F25, LEN(WVB!F25)), ""h:mm AM/PM""), """"), IFERROR(TEXT(FILTER(XC!F25, LEN(XC!"&"F25)), ""h:mm AM/PM""), """"), IFERROR(TEXT(FILTER(SWIMMING!F25, LEN(SWIMMING!F25)), ""h:mm AM/PM""), """"), IFERROR(TEXT(FILTER(WTEN!F25, LEN(WTEN!F25)), ""h:mm AM/PM""), """"), IFERROR(TEXT(FILTER(TF!F25, LEN(TF!F25)), ""h:mm AM/PM""), """"), IF"&"ERROR(TEXT(FILTER(WGOLF!F25, LEN(WGOLF!F25)), ""h:mm AM/PM""), """"), IFERROR(TEXT(FILTER(WBB!F25, LEN(WBB!F25)), ""h:mm AM/PM""), """"), IFERROR(TEXT(FILTER(MBB!F25, LEN(MBB!F25)), ""h:mm AM/PM""), """"), IFERROR(TEXT(FILTER(WLAX!F25, LEN(WLAX!F25)"&"), ""h:mm AM/PM""), """"), IFERROR(TEXT(FILTER(MLAX!F25, LEN(MLAX!F25)), ""h:mm AM/PM""), """"), IFERROR(TEXT(FILTER(SOFT!F25, LEN(SOFT!F25)), ""h:mm AM/PM""), """"), IFERROR(TEXT(FILTER(BASE!F25, LEN(BASE!F25)), ""h:mm AM/PM""), """"), IFERROR(TE"&"XT(FILTER(ESPORTS!F25, LEN(ESPORTS!F25)), ""h:mm AM/PM""), """") ) "),"") | G25: =IFERROR(__xludf.DUMMYFUNCTION("TEXTJOIN( CHAR(10) & CHAR(10), TRUE, IFERROR(FILTER(WSO!G25, LEN(WSO!G25)), """"), IFERROR(FILTER(MSO!G25, LEN(MSO!G25)), """"), IFERROR(FILTER(FH!G25, LEN(FH!G25)), """"), IFERROR(FILTER(MGOLF!G25, LEN(MGOLF!G25)), """"), IFERROR(FILTER(Foo"&"tball!G25, LEN(Football!G25)), """"), IFERROR(FILTER(WVB!G25, LEN(WVB!G25)), """"), IFERROR(FILTER(XC!G25, LEN(XC!G25)), """"), IFERROR(FILTER(SWIMMING!G25, LEN(SWIMMING!G25)), """"), IFERROR(FILTER(WTEN!G25, LEN(WTEN!G25)), """"), IFERROR(FILTE"&"R(TF!G25, LEN(TF!G25)), """"), IFERROR(FILTER(WGOLF!G25:G1000, LEN(WGOLF!G25)), """"), IFERROR(FILTER(WBB!G25, LEN(WBB!G25)), """"), IFERROR(FILTER(MBB!G25, LEN(MBB!G25)), """"), IFERROR(FILTER(WLAX!G25, LEN(WLAX!G25)), """"), IFERROR(FILTER(MLA"&"X!G25, LEN(MLAX!G25)), """"), IFERROR(FILTER(SOFT!G25, LEN(SOFT!G25)), """"), IFERROR(FILTER(BASE!G25, LEN(BASE!G25)), """"), IFERROR(FILTER(ESPORTS!G25, LEN(ESPORTS!G25)), """") ) "),"") | H25: =IFERROR(__xludf.DUMMYFUNCTION("TEXTJOIN( CHAR(10) & CHAR(10), TRUE, IFERROR(FILTER(WSO!H25, LEN(WSO!H25)), """"), IFERROR(FILTER(MSO!H25, LEN(MSO!H25)), """"), IFERROR(FILTER(FH!H25, LEN(FH!H25)), """"), IFERROR(FILTER(MGOLF!H25, LEN(MGOLF!H25)), """"), IFERROR(FILTER(Foo"&"tball!H25, LEN(Football!H25)), """"), IFERROR(FILTER(WVB!H25, LEN(WVB!H25)), """"), IFERROR(FILTER(XC!H25, LEN(XC!H25)), """"), IFERROR(FILTER(SWIMMING!H25, LEN(SWIMMING!H25)), """"), IFERROR(FILTER(WTEN!H25, LEN(WTEN!H25)), """"), IFERROR(FILTE"&"R(TF!H25, LEN(TF!H25)), """"), IFERROR(FILTER(WGOLF!H25, LEN(WGOLF!H25)), """"), IFERROR(FILTER(WBB!H25, LEN(WBB!H25)), """"), IFERROR(FILTER(MBB!H25, LEN(MBB!H25)), """"), IFERROR(FILTER(WLAX!H25, LEN(WLAX!H25)), """"), IFERROR(FILTER(MLAX!H25,"&" LEN(MLAX!H25)), """"), IFERROR(FILTER(SOFT!H25, LEN(SOFT!H25)), """"), IFERROR(FILTER(BASE!H25, LEN(BASE!H25)), """"), IFERROR(FILTER(ESPORTS!H25, LEN(ESPORTS!H25)), """") ) "),"") | I25: =IFERROR(__xludf.DUMMYFUNCTION("TEXTJOIN( CHAR(10) & CHAR(10), TRUE, IFERROR(ARRAYFORMULA(TEXT(FILTER(WSO!F25, LEN(WSO!F25)), ""h:mm AM/PM"")), """"), IFERROR(ARRAYFORMULA(TEXT(FILTER(MSO!F25, LEN(MSO!F25)), ""h:mm AM/PM"")), """"), IFERROR(ARRAYFORMULA(TEXT(FILTER(FH!F25, LEN"&"(FH!F25)), ""h:mm AM/PM"")), """"), IFERROR(ARRAYFORMULA(TEXT(FILTER(MGOLF!F25, LEN(MGOLF!F25)), ""h:mm AM/PM"")), """"), IFERROR(ARRAYFORMULA(TEXT(FILTER(Football!F25, LEN(Football!F25)), ""h:mm AM/PM"")), """"), IFERROR(ARRAYFORMULA(TEXT(FILTER(WV"&"B!F25, LEN(WVB!F25)), ""h:mm AM/PM"")), """"), IFERROR(ARRAYFORMULA(TEXT(FILTER(XC!F25, LEN(XC!F25)), ""h:mm AM/PM"")), """"), IFERROR(ARRAYFORMULA(TEXT(FILTER(SWIMMING!F25, LEN(SWIMMING!F25)), ""h:mm AM/PM"")), """"), IFERROR(ARRAYFORMULA(TEXT(FILT"&"ER(WTEN!F25, LEN(WTEN!F25)), ""h:mm AM/PM"")), """"), IFERROR(ARRAYFORMULA(TEXT(FILTER(TF!F25, LEN(TF!F25)), ""h:mm AM/PM"")), """"), IFERROR(ARRAYFORMULA(TEXT(FILTER(WGOLF!F25, LEN(WGOLF!F25)), ""h:mm AM/PM"")), """"), IFERROR(ARRAYFORMULA(TEXT(FIL"&"TER(WBB!F25, LEN(WBB!F25)), ""h:mm AM/PM"")), """"), IFERROR(ARRAYFORMULA(TEXT(FILTER(MBB!F25, LEN(MBB!F25)), ""h:mm AM/PM"")), """"), IFERROR(ARRAYFORMULA(TEXT(FILTER(WLAX!F25, LEN(WLAX!F25)), ""h:mm AM/PM"")), """"), IFERROR(ARRAYFORMULA(TEXT(FILT"&"ER(MLAX!F25, LEN(MLAX!F25)), ""h:mm AM/PM"")), """"), IFERROR(ARRAYFORMULA(TEXT(FILTER(SOFT!F25, LEN(SOFT!F25)), ""h:mm AM/PM"")), """"), IFERROR(ARRAYFORMULA(TEXT(FILTER(BASE!F25, LEN(BASE!F25)), ""h:mm AM/PM"")), """"), IFERROR(ARRAYFORMULA(TEXT(F"&"ILTER(ESPORTS!F25, LEN(ESPORTS!F25)), ""h:mm AM/PM"")), """") ) "),"") | J25: =IFERROR(__xludf.DUMMYFUNCTION("IFERROR( TEXTJOIN( CHAR(10) & CHAR(10), TRUE, FILTER( FLATTEN({ WSO!P25; MSO!P25; FH!P25; MGOLF!P25; Football!P25; WVB!P25; XC!P25; SWIMMING!P25; WTEN!P25; TF!P25; "&" WGOLF!P25; WBB!P25; MBB!P25; WLAX!P25; MLAX!P25; SOFT!P25; BASE!P25; ESPORTS!P25 }), (FLATTEN({ WSO!P25; MSO!P25; FH!P25; MGOLF!P25; Football!P25; WVB!P2"&"5; XC!P25; SWIMMING!P25; WTEN!P25; TF!P25; WGOLF!P25; WBB!P25; MBB!P25; WLAX!P25; MLAX!P25; SOFT!P25; BASE!P25; ESPORTS!P25 }) <> """") * (FLATTEN({ WSO!P"&"25; MSO!P25; FH!P25; MGOLF!P25; Football!P25; WVB!P25; XC!P25; SWIMMING!P25; WTEN!P25; TF!P25; WGOLF!P25; WBB!P25; MBB!P25; WLAX!P25; MLAX!P25; SOFT!P"&"25; BASE!P25; ESPORTS!P25 }) <> ""Status"") ) ), """" ) "),"")
A26: 25 | C26: 46259 | D26: =text(C26,"dddd") -> Tuesday | E26: =TEXTJOIN( CHAR(10) & CHAR(10), TRUE, IFERROR(WSO!E26, ""), IFERROR(MSO!E26, ""), IFERROR(FH!E26, ""), IFERROR(MGOLF!E26, ""), IFERROR(Football!E26, ""), IFERROR(WVB!E26, ""), IFERROR(XC!E26, ""), IFERROR(SWIMMING!E26, ""), IFERROR(WTEN!E26, ""), IFERROR(TF!E26, ""), IFERROR(WGOLF!E26, ""), IFERROR(WBB!E26, ""), IFERROR(MBB!E26, ""), IFERROR(WLAX!E26, ""), IFERROR(MLAX!E26, ""), IFERROR(SOFT!E26, ""), IFERROR(BASE!E26, ""), IFERROR(ESPORTS!E26, "") ) | F26: =IFERROR(__xludf.DUMMYFUNCTION("TEXTJOIN( CHAR(10) & CHAR(10), TRUE, IFERROR(TEXT(FILTER(WSO!F26, LEN(WSO!F26)), ""h:mm AM/PM""), """"), IFERROR(TEXT(FILTER(MSO!F26, LEN(MSO!F26)), ""h:mm AM/PM""), """"), IFERROR(TEXT(FILTER(FH!F26, LEN(FH!F26)), ""h:mm AM/PM""), """"), IFER"&"ROR(TEXT(FILTER(MGOLF!F26, LEN(MGOLF!F26)), ""h:mm AM/PM""), """"), IFERROR(TEXT(FILTER(Football!F26, LEN(Football!F26)), ""h:mm AM/PM""), """"), IFERROR(TEXT(FILTER(WVB!F26, LEN(WVB!F26)), ""h:mm AM/PM""), """"), IFERROR(TEXT(FILTER(XC!F26, LEN(XC!"&"F26)), ""h:mm AM/PM""), """"), IFERROR(TEXT(FILTER(SWIMMING!F26, LEN(SWIMMING!F26)), ""h:mm AM/PM""), """"), IFERROR(TEXT(FILTER(WTEN!F26, LEN(WTEN!F26)), ""h:mm AM/PM""), """"), IFERROR(TEXT(FILTER(TF!F26, LEN(TF!F26)), ""h:mm AM/PM""), """"), IF"&"ERROR(TEXT(FILTER(WGOLF!F26, LEN(WGOLF!F26)), ""h:mm AM/PM""), """"), IFERROR(TEXT(FILTER(WBB!F26, LEN(WBB!F26)), ""h:mm AM/PM""), """"), IFERROR(TEXT(FILTER(MBB!F26, LEN(MBB!F26)), ""h:mm AM/PM""), """"), IFERROR(TEXT(FILTER(WLAX!F26, LEN(WLAX!F26)"&"), ""h:mm AM/PM""), """"), IFERROR(TEXT(FILTER(MLAX!F26, LEN(MLAX!F26)), ""h:mm AM/PM""), """"), IFERROR(TEXT(FILTER(SOFT!F26, LEN(SOFT!F26)), ""h:mm AM/PM""), """"), IFERROR(TEXT(FILTER(BASE!F26, LEN(BASE!F26)), ""h:mm AM/PM""), """"), IFERROR(TE"&"XT(FILTER(ESPORTS!F26, LEN(ESPORTS!F26)), ""h:mm AM/PM""), """") ) "),"") | G26: =IFERROR(__xludf.DUMMYFUNCTION("TEXTJOIN( CHAR(10) & CHAR(10), TRUE, IFERROR(FILTER(WSO!G26, LEN(WSO!G26)), """"), IFERROR(FILTER(MSO!G26, LEN(MSO!G26)), """"), IFERROR(FILTER(FH!G26, LEN(FH!G26)), """"), IFERROR(FILTER(MGOLF!G26, LEN(MGOLF!G26)), """"), IFERROR(FILTER(Foo"&"tball!G26, LEN(Football!G26)), """"), IFERROR(FILTER(WVB!G26, LEN(WVB!G26)), """"), IFERROR(FILTER(XC!G26, LEN(XC!G26)), """"), IFERROR(FILTER(SWIMMING!G26, LEN(SWIMMING!G26)), """"), IFERROR(FILTER(WTEN!G26, LEN(WTEN!G26)), """"), IFERROR(FILTE"&"R(TF!G26, LEN(TF!G26)), """"), IFERROR(FILTER(WGOLF!G26:G1000, LEN(WGOLF!G26)), """"), IFERROR(FILTER(WBB!G26, LEN(WBB!G26)), """"), IFERROR(FILTER(MBB!G26, LEN(MBB!G26)), """"), IFERROR(FILTER(WLAX!G26, LEN(WLAX!G26)), """"), IFERROR(FILTER(MLA"&"X!G26, LEN(MLAX!G26)), """"), IFERROR(FILTER(SOFT!G26, LEN(SOFT!G26)), """"), IFERROR(FILTER(BASE!G26, LEN(BASE!G26)), """"), IFERROR(FILTER(ESPORTS!G26, LEN(ESPORTS!G26)), """") ) "),"") | H26: =IFERROR(__xludf.DUMMYFUNCTION("TEXTJOIN( CHAR(10) & CHAR(10), TRUE, IFERROR(FILTER(WSO!H26, LEN(WSO!H26)), """"), IFERROR(FILTER(MSO!H26, LEN(MSO!H26)), """"), IFERROR(FILTER(FH!H26, LEN(FH!H26)), """"), IFERROR(FILTER(MGOLF!H26, LEN(MGOLF!H26)), """"), IFERROR(FILTER(Foo"&"tball!H26, LEN(Football!H26)), """"), IFERROR(FILTER(WVB!H26, LEN(WVB!H26)), """"), IFERROR(FILTER(XC!H26, LEN(XC!H26)), """"), IFERROR(FILTER(SWIMMING!H26, LEN(SWIMMING!H26)), """"), IFERROR(FILTER(WTEN!H26, LEN(WTEN!H26)), """"), IFERROR(FILTE"&"R(TF!H26, LEN(TF!H26)), """"), IFERROR(FILTER(WGOLF!H26, LEN(WGOLF!H26)), """"), IFERROR(FILTER(WBB!H26, LEN(WBB!H26)), """"), IFERROR(FILTER(MBB!H26, LEN(MBB!H26)), """"), IFERROR(FILTER(WLAX!H26, LEN(WLAX!H26)), """"), IFERROR(FILTER(MLAX!H26,"&" LEN(MLAX!H26)), """"), IFERROR(FILTER(SOFT!H26, LEN(SOFT!H26)), """"), IFERROR(FILTER(BASE!H26, LEN(BASE!H26)), """"), IFERROR(FILTER(ESPORTS!H26, LEN(ESPORTS!H26)), """") ) "),"") | I26: =IFERROR(__xludf.DUMMYFUNCTION("TEXTJOIN( CHAR(10) & CHAR(10), TRUE, IFERROR(ARRAYFORMULA(TEXT(FILTER(WSO!F26, LEN(WSO!F26)), ""h:mm AM/PM"")), """"), IFERROR(ARRAYFORMULA(TEXT(FILTER(MSO!F26, LEN(MSO!F26)), ""h:mm AM/PM"")), """"), IFERROR(ARRAYFORMULA(TEXT(FILTER(FH!F26, LEN"&"(FH!F26)), ""h:mm AM/PM"")), """"), IFERROR(ARRAYFORMULA(TEXT(FILTER(MGOLF!F26, LEN(MGOLF!F26)), ""h:mm AM/PM"")), """"), IFERROR(ARRAYFORMULA(TEXT(FILTER(Football!F26, LEN(Football!F26)), ""h:mm AM/PM"")), """"), IFERROR(ARRAYFORMULA(TEXT(FILTER(WV"&"B!F26, LEN(WVB!F26)), ""h:mm AM/PM"")), """"), IFERROR(ARRAYFORMULA(TEXT(FILTER(XC!F26, LEN(XC!F26)), ""h:mm AM/PM"")), """"), IFERROR(ARRAYFORMULA(TEXT(FILTER(SWIMMING!F26, LEN(SWIMMING!F26)), ""h:mm AM/PM"")), """"), IFERROR(ARRAYFORMULA(TEXT(FILT"&"ER(WTEN!F26, LEN(WTEN!F26)), ""h:mm AM/PM"")), """"), IFERROR(ARRAYFORMULA(TEXT(FILTER(TF!F26, LEN(TF!F26)), ""h:mm AM/PM"")), """"), IFERROR(ARRAYFORMULA(TEXT(FILTER(WGOLF!F26, LEN(WGOLF!F26)), ""h:mm AM/PM"")), """"), IFERROR(ARRAYFORMULA(TEXT(FIL"&"TER(WBB!F26, LEN(WBB!F26)), ""h:mm AM/PM"")), """"), IFERROR(ARRAYFORMULA(TEXT(FILTER(MBB!F26, LEN(MBB!F26)), ""h:mm AM/PM"")), """"), IFERROR(ARRAYFORMULA(TEXT(FILTER(WLAX!F26, LEN(WLAX!F26)), ""h:mm AM/PM"")), """"), IFERROR(ARRAYFORMULA(TEXT(FILT"&"ER(MLAX!F26, LEN(MLAX!F26)), ""h:mm AM/PM"")), """"), IFERROR(ARRAYFORMULA(TEXT(FILTER(SOFT!F26, LEN(SOFT!F26)), ""h:mm AM/PM"")), """"), IFERROR(ARRAYFORMULA(TEXT(FILTER(BASE!F26, LEN(BASE!F26)), ""h:mm AM/PM"")), """"), IFERROR(ARRAYFORMULA(TEXT(F"&"ILTER(ESPORTS!F26, LEN(ESPORTS!F26)), ""h:mm AM/PM"")), """") ) "),"") | J26: =IFERROR(__xludf.DUMMYFUNCTION("IFERROR( TEXTJOIN( CHAR(10) & CHAR(10), TRUE, FILTER( FLATTEN({ WSO!P26; MSO!P26; FH!P26; MGOLF!P26; Football!P26; WVB!P26; XC!P26; SWIMMING!P26; WTEN!P26; TF!P26; "&" WGOLF!P26; WBB!P26; MBB!P26; WLAX!P26; MLAX!P26; SOFT!P26; BASE!P26; ESPORTS!P26 }), (FLATTEN({ WSO!P26; MSO!P26; FH!P26; MGOLF!P26; Football!P26; WVB!P2"&"6; XC!P26; SWIMMING!P26; WTEN!P26; TF!P26; WGOLF!P26; WBB!P26; MBB!P26; WLAX!P26; MLAX!P26; SOFT!P26; BASE!P26; ESPORTS!P26 }) <> """") * (FLATTEN({ WSO!P"&"26; MSO!P26; FH!P26; MGOLF!P26; Football!P26; WVB!P26; XC!P26; SWIMMING!P26; WTEN!P26; TF!P26; WGOLF!P26; WBB!P26; MBB!P26; WLAX!P26; MLAX!P26; SOFT!P"&"26; BASE!P26; ESPORTS!P26 }) <> ""Status"") ) ), """" ) "),"")
A27: 26 | C27: 46260 | D27: =text(C27,"dddd") -> Wednesday | E27: =TEXTJOIN( CHAR(10) & CHAR(10), TRUE, IFERROR(WSO!E27, ""), IFERROR(MSO!E27, ""), IFERROR(FH!E27, ""), IFERROR(MGOLF!E27, ""), IFERROR(Football!E27, ""), IFERROR(WVB!E27, ""), IFERROR(XC!E27, ""), IFERROR(SWIMMING!E27, ""), IFERROR(WTEN!E27, ""), IFERROR(TF!E27, ""), IFERROR(WGOLF!E27, ""), IFERROR(WBB!E27, ""), IFERROR(MBB!E27, ""), IFERROR(WLAX!E27, ""), IFERROR(MLAX!E27, ""), IFERROR(SOFT!E27, ""), IFERROR(BASE!E27, ""), IFERROR(ESPORTS!E27, "") ) -> MSO | F27: =IFERROR(__xludf.DUMMYFUNCTION("TEXTJOIN( CHAR(10) & CHAR(10), TRUE, IFERROR(TEXT(FILTER(WSO!F27, LEN(WSO!F27)), ""h:mm AM/PM""), """"), IFERROR(TEXT(FILTER(MSO!F27, LEN(MSO!F27)), ""h:mm AM/PM""), """"), IFERROR(TEXT(FILTER(FH!F27, LEN(FH!F27)), ""h:mm AM/PM""), """"), IFER"&"ROR(TEXT(FILTER(MGOLF!F27, LEN(MGOLF!F27)), ""h:mm AM/PM""), """"), IFERROR(TEXT(FILTER(Football!F27, LEN(Football!F27)), ""h:mm AM/PM""), """"), IFERROR(TEXT(FILTER(WVB!F27, LEN(WVB!F27)), ""h:mm AM/PM""), """"), IFERROR(TEXT(FILTER(XC!F27, LEN(XC!"&"F27)), ""h:mm AM/PM""), """"), IFERROR(TEXT(FILTER(SWIMMING!F27, LEN(SWIMMING!F27)), ""h:mm AM/PM""), """"), IFERROR(TEXT(FILTER(WTEN!F27, LEN(WTEN!F27)), ""h:mm AM/PM""), """"), IFERROR(TEXT(FILTER(TF!F27, LEN(TF!F27)), ""h:mm AM/PM""), """"), IF"&"ERROR(TEXT(FILTER(WGOLF!F27, LEN(WGOLF!F27)), ""h:mm AM/PM""), """"), IFERROR(TEXT(FILTER(WBB!F27, LEN(WBB!F27)), ""h:mm AM/PM""), """"), IFERROR(TEXT(FILTER(MBB!F27, LEN(MBB!F27)), ""h:mm AM/PM""), """"), IFERROR(TEXT(FILTER(WLAX!F27, LEN(WLAX!F27)"&"), ""h:mm AM/PM""), """"), IFERROR(TEXT(FILTER(MLAX!F27, LEN(MLAX!F27)), ""h:mm AM/PM""), """"), IFERROR(TEXT(FILTER(SOFT!F27, LEN(SOFT!F27)), ""h:mm AM/PM""), """"), IFERROR(TEXT(FILTER(BASE!F27, LEN(BASE!F27)), ""h:mm AM/PM""), """"), IFERROR(TE"&"XT(FILTER(ESPORTS!F27, LEN(ESPORTS!F27)), ""h:mm AM/PM""), """") ) "),"TBD") -> TBD | G27: =IFERROR(__xludf.DUMMYFUNCTION("TEXTJOIN( CHAR(10) & CHAR(10), TRUE, IFERROR(FILTER(WSO!G27, LEN(WSO!G27)), """"), IFERROR(FILTER(MSO!G27, LEN(MSO!G27)), """"), IFERROR(FILTER(FH!G27, LEN(FH!G27)), """"), IFERROR(FILTER(MGOLF!G27, LEN(MGOLF!G27)), """"), IFERROR(FILTER(Foo"&"tball!G27, LEN(Football!G27)), """"), IFERROR(FILTER(WVB!G27, LEN(WVB!G27)), """"), IFERROR(FILTER(XC!G27, LEN(XC!G27)), """"), IFERROR(FILTER(SWIMMING!G27, LEN(SWIMMING!G27)), """"), IFERROR(FILTER(WTEN!G27, LEN(WTEN!G27)), """"), IFERROR(FILTE"&"R(TF!G27, LEN(TF!G27)), """"), IFERROR(FILTER(WGOLF!G27:G1000, LEN(WGOLF!G27)), """"), IFERROR(FILTER(WBB!G27, LEN(WBB!G27)), """"), IFERROR(FILTER(MBB!G27, LEN(MBB!G27)), """"), IFERROR(FILTER(WLAX!G27, LEN(WLAX!G27)), """"), IFERROR(FILTER(MLA"&"X!G27, LEN(MLAX!G27)), """"), IFERROR(FILTER(SOFT!G27, LEN(SOFT!G27)), """"), IFERROR(FILTER(BASE!G27, LEN(BASE!G27)), """"), IFERROR(FILTER(ESPORTS!G27, LEN(ESPORTS!G27)), """") ) "),"CMCC") -> CMCC | H27: =IFERROR(__xludf.DUMMYFUNCTION("TEXTJOIN( CHAR(10) & CHAR(10), TRUE, IFERROR(FILTER(WSO!H27, LEN(WSO!H27)), """"), IFERROR(FILTER(MSO!H27, LEN(MSO!H27)), """"), IFERROR(FILTER(FH!H27, LEN(FH!H27)), """"), IFERROR(FILTER(MGOLF!H27, LEN(MGOLF!H27)), """"), IFERROR(FILTER(Foo"&"tball!H27, LEN(Football!H27)), """"), IFERROR(FILTER(WVB!H27, LEN(WVB!H27)), """"), IFERROR(FILTER(XC!H27, LEN(XC!H27)), """"), IFERROR(FILTER(SWIMMING!H27, LEN(SWIMMING!H27)), """"), IFERROR(FILTER(WTEN!H27, LEN(WTEN!H27)), """"), IFERROR(FILTE"&"R(TF!H27, LEN(TF!H27)), """"), IFERROR(FILTER(WGOLF!H27, LEN(WGOLF!H27)), """"), IFERROR(FILTER(WBB!H27, LEN(WBB!H27)), """"), IFERROR(FILTER(MBB!H27, LEN(MBB!H27)), """"), IFERROR(FILTER(WLAX!H27, LEN(WLAX!H27)), """"), IFERROR(FILTER(MLAX!H27,"&" LEN(MLAX!H27)), """"), IFERROR(FILTER(SOFT!H27, LEN(SOFT!H27)), """"), IFERROR(FILTER(BASE!H27, LEN(BASE!H27)), """"), IFERROR(FILTER(ESPORTS!H27, LEN(ESPORTS!H27)), """") ) "),"Away") -> Away | I27: =IFERROR(__xludf.DUMMYFUNCTION("TEXTJOIN( CHAR(10) & CHAR(10), TRUE, IFERROR(ARRAYFORMULA(TEXT(FILTER(WSO!F27, LEN(WSO!F27)), ""h:mm AM/PM"")), """"), IFERROR(ARRAYFORMULA(TEXT(FILTER(MSO!F27, LEN(MSO!F27)), ""h:mm AM/PM"")), """"), IFERROR(ARRAYFORMULA(TEXT(FILTER(FH!F27, LEN"&"(FH!F27)), ""h:mm AM/PM"")), """"), IFERROR(ARRAYFORMULA(TEXT(FILTER(MGOLF!F27, LEN(MGOLF!F27)), ""h:mm AM/PM"")), """"), IFERROR(ARRAYFORMULA(TEXT(FILTER(Football!F27, LEN(Football!F27)), ""h:mm AM/PM"")), """"), IFERROR(ARRAYFORMULA(TEXT(FILTER(WV"&"B!F27, LEN(WVB!F27)), ""h:mm AM/PM"")), """"), IFERROR(ARRAYFORMULA(TEXT(FILTER(XC!F27, LEN(XC!F27)), ""h:mm AM/PM"")), """"), IFERROR(ARRAYFORMULA(TEXT(FILTER(SWIMMING!F27, LEN(SWIMMING!F27)), ""h:mm AM/PM"")), """"), IFERROR(ARRAYFORMULA(TEXT(FILT"&"ER(WTEN!F27, LEN(WTEN!F27)), ""h:mm AM/PM"")), """"), IFERROR(ARRAYFORMULA(TEXT(FILTER(TF!F27, LEN(TF!F27)), ""h:mm AM/PM"")), """"), IFERROR(ARRAYFORMULA(TEXT(FILTER(WGOLF!F27, LEN(WGOLF!F27)), ""h:mm AM/PM"")), """"), IFERROR(ARRAYFORMULA(TEXT(FIL"&"TER(WBB!F27, LEN(WBB!F27)), ""h:mm AM/PM"")), """"), IFERROR(ARRAYFORMULA(TEXT(FILTER(MBB!F27, LEN(MBB!F27)), ""h:mm AM/PM"")), """"), IFERROR(ARRAYFORMULA(TEXT(FILTER(WLAX!F27, LEN(WLAX!F27)), ""h:mm AM/PM"")), """"), IFERROR(ARRAYFORMULA(TEXT(FILT"&"ER(MLAX!F27, LEN(MLAX!F27)), ""h:mm AM/PM"")), """"), IFERROR(ARRAYFORMULA(TEXT(FILTER(SOFT!F27, LEN(SOFT!F27)), ""h:mm AM/PM"")), """"), IFERROR(ARRAYFORMULA(TEXT(FILTER(BASE!F27, LEN(BASE!F27)), ""h:mm AM/PM"")), """"), IFERROR(ARRAYFORMULA(TEXT(F"&"ILTER(ESPORTS!F27, LEN(ESPORTS!F27)), ""h:mm AM/PM"")), """") ) "),"TBD") -> TBD | J27: =IFERROR(__xludf.DUMMYFUNCTION("IFERROR( TEXTJOIN( CHAR(10) & CHAR(10), TRUE, FILTER( FLATTEN({ WSO!P27; MSO!P27; FH!P27; MGOLF!P27; Football!P27; WVB!P27; XC!P27; SWIMMING!P27; WTEN!P27; TF!P27; "&" WGOLF!P27; WBB!P27; MBB!P27; WLAX!P27; MLAX!P27; SOFT!P27; BASE!P27; ESPORTS!P27 }), (FLATTEN({ WSO!P27; MSO!P27; FH!P27; MGOLF!P27; Football!P27; WVB!P2"&"7; XC!P27; SWIMMING!P27; WTEN!P27; TF!P27; WGOLF!P27; WBB!P27; MBB!P27; WLAX!P27; MLAX!P27; SOFT!P27; BASE!P27; ESPORTS!P27 }) <> """") * (FLATTEN({ WSO!P"&"27; MSO!P27; FH!P27; MGOLF!P27; Football!P27; WVB!P27; XC!P27; SWIMMING!P27; WTEN!P27; TF!P27; WGOLF!P27; WBB!P27; MBB!P27; WLAX!P27; MLAX!P27; SOFT!P"&"27; BASE!P27; ESPORTS!P27 }) <> ""Status"") ) ), """" ) "),"⌛️ Pending") -> ⌛️ Pending
A28: 27 | C28: 46261 | D28: =text(C28,"dddd") -> Thursday | E28: =TEXTJOIN( CHAR(10) & CHAR(10), TRUE, IFERROR(WSO!E28, ""), IFERROR(MSO!E28, ""), IFERROR(FH!E28, ""), IFERROR(MGOLF!E28, ""), IFERROR(Football!E28, ""), IFERROR(WVB!E28, ""), IFERROR(XC!E28, ""), IFERROR(SWIMMING!E28, ""), IFERROR(WTEN!E28, ""), IFERROR(TF!E28, ""), IFERROR(WGOLF!E28, ""), IFERROR(WBB!E28, ""), IFERROR(MBB!E28, ""), IFERROR(WLAX!E28, ""), IFERROR(MLAX!E28, ""), IFERROR(SOFT!E28, ""), IFERROR(BASE!E28, ""), IFERROR(ESPORTS!E28, "") ) | F28: =IFERROR(__xludf.DUMMYFUNCTION("TEXTJOIN( CHAR(10) & CHAR(10), TRUE, IFERROR(TEXT(FILTER(WSO!F28, LEN(WSO!F28)), ""h:mm AM/PM""), """"), IFERROR(TEXT(FILTER(MSO!F28, LEN(MSO!F28)), ""h:mm AM/PM""), """"), IFERROR(TEXT(FILTER(FH!F28, LEN(FH!F28)), ""h:mm AM/PM""), """"), IFER"&"ROR(TEXT(FILTER(MGOLF!F28, LEN(MGOLF!F28)), ""h:mm AM/PM""), """"), IFERROR(TEXT(FILTER(Football!F28, LEN(Football!F28)), ""h:mm AM/PM""), """"), IFERROR(TEXT(FILTER(WVB!F28, LEN(WVB!F28)), ""h:mm AM/PM""), """"), IFERROR(TEXT(FILTER(XC!F28, LEN(XC!"&"F28)), ""h:mm AM/PM""), """"), IFERROR(TEXT(FILTER(SWIMMING!F28, LEN(SWIMMING!F28)), ""h:mm AM/PM""), """"), IFERROR(TEXT(FILTER(WTEN!F28, LEN(WTEN!F28)), ""h:mm AM/PM""), """"), IFERROR(TEXT(FILTER(TF!F28, LEN(TF!F28)), ""h:mm AM/PM""), """"), IF"&"ERROR(TEXT(FILTER(WGOLF!F28, LEN(WGOLF!F28)), ""h:mm AM/PM""), """"), IFERROR(TEXT(FILTER(WBB!F28, LEN(WBB!F28)), ""h:mm AM/PM""), """"), IFERROR(TEXT(FILTER(MBB!F28, LEN(MBB!F28)), ""h:mm AM/PM""), """"), IFERROR(TEXT(FILTER(WLAX!F28, LEN(WLAX!F28)"&"), ""h:mm AM/PM""), """"), IFERROR(TEXT(FILTER(MLAX!F28, LEN(MLAX!F28)), ""h:mm AM/PM""), """"), IFERROR(TEXT(FILTER(SOFT!F28, LEN(SOFT!F28)), ""h:mm AM/PM""), """"), IFERROR(TEXT(FILTER(BASE!F28, LEN(BASE!F28)), ""h:mm AM/PM""), """"), IFERROR(TE"&"XT(FILTER(ESPORTS!F28, LEN(ESPORTS!F28)), ""h:mm AM/PM""), """") ) "),"") | G28: =IFERROR(__xludf.DUMMYFUNCTION("TEXTJOIN( CHAR(10) & CHAR(10), TRUE, IFERROR(FILTER(WSO!G28, LEN(WSO!G28)), """"), IFERROR(FILTER(MSO!G28, LEN(MSO!G28)), """"), IFERROR(FILTER(FH!G28, LEN(FH!G28)), """"), IFERROR(FILTER(MGOLF!G28, LEN(MGOLF!G28)), """"), IFERROR(FILTER(Foo"&"tball!G28, LEN(Football!G28)), """"), IFERROR(FILTER(WVB!G28, LEN(WVB!G28)), """"), IFERROR(FILTER(XC!G28, LEN(XC!G28)), """"), IFERROR(FILTER(SWIMMING!G28, LEN(SWIMMING!G28)), """"), IFERROR(FILTER(WTEN!G28, LEN(WTEN!G28)), """"), IFERROR(FILTE"&"R(TF!G28, LEN(TF!G28)), """"), IFERROR(FILTER(WGOLF!G28:G1000, LEN(WGOLF!G28)), """"), IFERROR(FILTER(WBB!G28, LEN(WBB!G28)), """"), IFERROR(FILTER(MBB!G28, LEN(MBB!G28)), """"), IFERROR(FILTER(WLAX!G28, LEN(WLAX!G28)), """"), IFERROR(FILTER(MLA"&"X!G28, LEN(MLAX!G28)), """"), IFERROR(FILTER(SOFT!G28, LEN(SOFT!G28)), """"), IFERROR(FILTER(BASE!G28, LEN(BASE!G28)), """"), IFERROR(FILTER(ESPORTS!G28, LEN(ESPORTS!G28)), """") ) "),"") | H28: =IFERROR(__xludf.DUMMYFUNCTION("TEXTJOIN( CHAR(10) & CHAR(10), TRUE, IFERROR(FILTER(WSO!H28, LEN(WSO!H28)), """"), IFERROR(FILTER(MSO!H28, LEN(MSO!H28)), """"), IFERROR(FILTER(FH!H28, LEN(FH!H28)), """"), IFERROR(FILTER(MGOLF!H28, LEN(MGOLF!H28)), """"), IFERROR(FILTER(Foo"&"tball!H28, LEN(Football!H28)), """"), IFERROR(FILTER(WVB!H28, LEN(WVB!H28)), """"), IFERROR(FILTER(XC!H28, LEN(XC!H28)), """"), IFERROR(FILTER(SWIMMING!H28, LEN(SWIMMING!H28)), """"), IFERROR(FILTER(WTEN!H28, LEN(WTEN!H28)), """"), IFERROR(FILTE"&"R(TF!H28, LEN(TF!H28)), """"), IFERROR(FILTER(WGOLF!H28, LEN(WGOLF!H28)), """"), IFERROR(FILTER(WBB!H28, LEN(WBB!H28)), """"), IFERROR(FILTER(MBB!H28, LEN(MBB!H28)), """"), IFERROR(FILTER(WLAX!H28, LEN(WLAX!H28)), """"), IFERROR(FILTER(MLAX!H28,"&" LEN(MLAX!H28)), """"), IFERROR(FILTER(SOFT!H28, LEN(SOFT!H28)), """"), IFERROR(FILTER(BASE!H28, LEN(BASE!H28)), """"), IFERROR(FILTER(ESPORTS!H28, LEN(ESPORTS!H28)), """") ) "),"") | I28: =IFERROR(__xludf.DUMMYFUNCTION("TEXTJOIN( CHAR(10) & CHAR(10), TRUE, IFERROR(ARRAYFORMULA(TEXT(FILTER(WSO!F28, LEN(WSO!F28)), ""h:mm AM/PM"")), """"), IFERROR(ARRAYFORMULA(TEXT(FILTER(MSO!F28, LEN(MSO!F28)), ""h:mm AM/PM"")), """"), IFERROR(ARRAYFORMULA(TEXT(FILTER(FH!F28, LEN"&"(FH!F28)), ""h:mm AM/PM"")), """"), IFERROR(ARRAYFORMULA(TEXT(FILTER(MGOLF!F28, LEN(MGOLF!F28)), ""h:mm AM/PM"")), """"), IFERROR(ARRAYFORMULA(TEXT(FILTER(Football!F28, LEN(Football!F28)), ""h:mm AM/PM"")), """"), IFERROR(ARRAYFORMULA(TEXT(FILTER(WV"&"B!F28, LEN(WVB!F28)), ""h:mm AM/PM"")), """"), IFERROR(ARRAYFORMULA(TEXT(FILTER(XC!F28, LEN(XC!F28)), ""h:mm AM/PM"")), """"), IFERROR(ARRAYFORMULA(TEXT(FILTER(SWIMMING!F28, LEN(SWIMMING!F28)), ""h:mm AM/PM"")), """"), IFERROR(ARRAYFORMULA(TEXT(FILT"&"ER(WTEN!F28, LEN(WTEN!F28)), ""h:mm AM/PM"")), """"), IFERROR(ARRAYFORMULA(TEXT(FILTER(TF!F28, LEN(TF!F28)), ""h:mm AM/PM"")), """"), IFERROR(ARRAYFORMULA(TEXT(FILTER(WGOLF!F28, LEN(WGOLF!F28)), ""h:mm AM/PM"")), """"), IFERROR(ARRAYFORMULA(TEXT(FIL"&"TER(WBB!F28, LEN(WBB!F28)), ""h:mm AM/PM"")), """"), IFERROR(ARRAYFORMULA(TEXT(FILTER(MBB!F28, LEN(MBB!F28)), ""h:mm AM/PM"")), """"), IFERROR(ARRAYFORMULA(TEXT(FILTER(WLAX!F28, LEN(WLAX!F28)), ""h:mm AM/PM"")), """"), IFERROR(ARRAYFORMULA(TEXT(FILT"&"ER(MLAX!F28, LEN(MLAX!F28)), ""h:mm AM/PM"")), """"), IFERROR(ARRAYFORMULA(TEXT(FILTER(SOFT!F28, LEN(SOFT!F28)), ""h:mm AM/PM"")), """"), IFERROR(ARRAYFORMULA(TEXT(FILTER(BASE!F28, LEN(BASE!F28)), ""h:mm AM/PM"")), """"), IFERROR(ARRAYFORMULA(TEXT(F"&"ILTER(ESPORTS!F28, LEN(ESPORTS!F28)), ""h:mm AM/PM"")), """") ) "),"") | J28: =IFERROR(__xludf.DUMMYFUNCTION("IFERROR( TEXTJOIN( CHAR(10) & CHAR(10), TRUE, FILTER( FLATTEN({ WSO!P28; MSO!P28; FH!P28; MGOLF!P28; Football!P28; WVB!P28; XC!P28; SWIMMING!P28; WTEN!P28; TF!P28; "&" WGOLF!P28; WBB!P28; MBB!P28; WLAX!P28; MLAX!P28; SOFT!P28; BASE!P28; ESPORTS!P28 }), (FLATTEN({ WSO!P28; MSO!P28; FH!P28; MGOLF!P28; Football!P28; WVB!P2"&"8; XC!P28; SWIMMING!P28; WTEN!P28; TF!P28; WGOLF!P28; WBB!P28; MBB!P28; WLAX!P28; MLAX!P28; SOFT!P28; BASE!P28; ESPORTS!P28 }) <> """") * (FLATTEN({ WSO!P"&"28; MSO!P28; FH!P28; MGOLF!P28; Football!P28; WVB!P28; XC!P28; SWIMMING!P28; WTEN!P28; TF!P28; WGOLF!P28; WBB!P28; MBB!P28; WLAX!P28; MLAX!P28; SOFT!P"&"28; BASE!P28; ESPORTS!P28 }) <> ""Status"") ) ), """" ) "),"")
A29: 28 | C29: 46262 | D29: =text(C29,"dddd") -> Friday | E29: =TEXTJOIN( CHAR(10) & CHAR(10), TRUE, IFERROR(WSO!E29, ""), IFERROR(MSO!E29, ""), IFERROR(FH!E29, ""), IFERROR(MGOLF!E29, ""), IFERROR(Football!E29, ""), IFERROR(WVB!E29, ""), IFERROR(XC!E29, ""), IFERROR(SWIMMING!E29, ""), IFERROR(WTEN!E29, ""), IFERROR(TF!E29, ""), IFERROR(WGOLF!E29, ""), IFERROR(WBB!E29, ""), IFERROR(MBB!E29, ""), IFERROR(WLAX!E29, ""), IFERROR(MLAX!E29, ""), IFERROR(SOFT!E29, ""), IFERROR(BASE!E29, ""), IFERROR(ESPORTS!E29, "") ) -> WSO | F29: =IFERROR(__xludf.DUMMYFUNCTION("TEXTJOIN( CHAR(10) & CHAR(10), TRUE, IFERROR(TEXT(FILTER(WSO!F29, LEN(WSO!F29)), ""h:mm AM/PM""), """"), IFERROR(TEXT(FILTER(MSO!F29, LEN(MSO!F29)), ""h:mm AM/PM""), """"), IFERROR(TEXT(FILTER(FH!F29, LEN(FH!F29)), ""h:mm AM/PM""), """"), IFER"&"ROR(TEXT(FILTER(MGOLF!F29, LEN(MGOLF!F29)), ""h:mm AM/PM""), """"), IFERROR(TEXT(FILTER(Football!F29, LEN(Football!F29)), ""h:mm AM/PM""), """"), IFERROR(TEXT(FILTER(WVB!F29, LEN(WVB!F29)), ""h:mm AM/PM""), """"), IFERROR(TEXT(FILTER(XC!F29, LEN(XC!"&"F29)), ""h:mm AM/PM""), """"), IFERROR(TEXT(FILTER(SWIMMING!F29, LEN(SWIMMING!F29)), ""h:mm AM/PM""), """"), IFERROR(TEXT(FILTER(WTEN!F29, LEN(WTEN!F29)), ""h:mm AM/PM""), """"), IFERROR(TEXT(FILTER(TF!F29, LEN(TF!F29)), ""h:mm AM/PM""), """"), IF"&"ERROR(TEXT(FILTER(WGOLF!F29, LEN(WGOLF!F29)), ""h:mm AM/PM""), """"), IFERROR(TEXT(FILTER(WBB!F29, LEN(WBB!F29)), ""h:mm AM/PM""), """"), IFERROR(TEXT(FILTER(MBB!F29, LEN(MBB!F29)), ""h:mm AM/PM""), """"), IFERROR(TEXT(FILTER(WLAX!F29, LEN(WLAX!F29)"&"), ""h:mm AM/PM""), """"), IFERROR(TEXT(FILTER(MLAX!F29, LEN(MLAX!F29)), ""h:mm AM/PM""), """"), IFERROR(TEXT(FILTER(SOFT!F29, LEN(SOFT!F29)), ""h:mm AM/PM""), """"), IFERROR(TEXT(FILTER(BASE!F29, LEN(BASE!F29)), ""h:mm AM/PM""), """"), IFERROR(TE"&"XT(FILTER(ESPORTS!F29, LEN(ESPORTS!F29)), ""h:mm AM/PM""), """") ) "),"3:00 PM") -> 3:00 PM | G29: =IFERROR(__xludf.DUMMYFUNCTION("TEXTJOIN( CHAR(10) & CHAR(10), TRUE, IFERROR(FILTER(WSO!G29, LEN(WSO!G29)), """"), IFERROR(FILTER(MSO!G29, LEN(MSO!G29)), """"), IFERROR(FILTER(FH!G29, LEN(FH!G29)), """"), IFERROR(FILTER(MGOLF!G29, LEN(MGOLF!G29)), """"), IFERROR(FILTER(Foo"&"tball!G29, LEN(Football!G29)), """"), IFERROR(FILTER(WVB!G29, LEN(WVB!G29)), """"), IFERROR(FILTER(XC!G29, LEN(XC!G29)), """"), IFERROR(FILTER(SWIMMING!G29, LEN(SWIMMING!G29)), """"), IFERROR(FILTER(WTEN!G29, LEN(WTEN!G29)), """"), IFERROR(FILTE"&"R(TF!G29, LEN(TF!G29)), """"), IFERROR(FILTER(WGOLF!G29:G1000, LEN(WGOLF!G29)), """"), IFERROR(FILTER(WBB!G29, LEN(WBB!G29)), """"), IFERROR(FILTER(MBB!G29, LEN(MBB!G29)), """"), IFERROR(FILTER(WLAX!G29, LEN(WLAX!G29)), """"), IFERROR(FILTER(MLA"&"X!G29, LEN(MLAX!G29)), """"), IFERROR(FILTER(SOFT!G29, LEN(SOFT!G29)), """"), IFERROR(FILTER(BASE!G29, LEN(BASE!G29)), """"), IFERROR(FILTER(ESPORTS!G29, LEN(ESPORTS!G29)), """") ) "),"UNE") -> UNE | H29: =IFERROR(__xludf.DUMMYFUNCTION("TEXTJOIN( CHAR(10) & CHAR(10), TRUE, IFERROR(FILTER(WSO!H29, LEN(WSO!H29)), """"), IFERROR(FILTER(MSO!H29, LEN(MSO!H29)), """"), IFERROR(FILTER(FH!H29, LEN(FH!H29)), """"), IFERROR(FILTER(MGOLF!H29, LEN(MGOLF!H29)), """"), IFERROR(FILTER(Foo"&"tball!H29, LEN(Football!H29)), """"), IFERROR(FILTER(WVB!H29, LEN(WVB!H29)), """"), IFERROR(FILTER(XC!H29, LEN(XC!H29)), """"), IFERROR(FILTER(SWIMMING!H29, LEN(SWIMMING!H29)), """"), IFERROR(FILTER(WTEN!H29, LEN(WTEN!H29)), """"), IFERROR(FILTE"&"R(TF!H29, LEN(TF!H29)), """"), IFERROR(FILTER(WGOLF!H29, LEN(WGOLF!H29)), """"), IFERROR(FILTER(WBB!H29, LEN(WBB!H29)), """"), IFERROR(FILTER(MBB!H29, LEN(MBB!H29)), """"), IFERROR(FILTER(WLAX!H29, LEN(WLAX!H29)), """"), IFERROR(FILTER(MLAX!H29,"&" LEN(MLAX!H29)), """"), IFERROR(FILTER(SOFT!H29, LEN(SOFT!H29)), """"), IFERROR(FILTER(BASE!H29, LEN(BASE!H29)), """"), IFERROR(FILTER(ESPORTS!H29, LEN(ESPORTS!H29)), """") ) "),"Away") -> Away | I29: =IFERROR(__xludf.DUMMYFUNCTION("TEXTJOIN( CHAR(10) & CHAR(10), TRUE, IFERROR(ARRAYFORMULA(TEXT(FILTER(WSO!F29, LEN(WSO!F29)), ""h:mm AM/PM"")), """"), IFERROR(ARRAYFORMULA(TEXT(FILTER(MSO!F29, LEN(MSO!F29)), ""h:mm AM/PM"")), """"), IFERROR(ARRAYFORMULA(TEXT(FILTER(FH!F29, LEN"&"(FH!F29)), ""h:mm AM/PM"")), """"), IFERROR(ARRAYFORMULA(TEXT(FILTER(MGOLF!F29, LEN(MGOLF!F29)), ""h:mm AM/PM"")), """"), IFERROR(ARRAYFORMULA(TEXT(FILTER(Football!F29, LEN(Football!F29)), ""h:mm AM/PM"")), """"), IFERROR(ARRAYFORMULA(TEXT(FILTER(WV"&"B!F29, LEN(WVB!F29)), ""h:mm AM/PM"")), """"), IFERROR(ARRAYFORMULA(TEXT(FILTER(XC!F29, LEN(XC!F29)), ""h:mm AM/PM"")), """"), IFERROR(ARRAYFORMULA(TEXT(FILTER(SWIMMING!F29, LEN(SWIMMING!F29)), ""h:mm AM/PM"")), """"), IFERROR(ARRAYFORMULA(TEXT(FILT"&"ER(WTEN!F29, LEN(WTEN!F29)), ""h:mm AM/PM"")), """"), IFERROR(ARRAYFORMULA(TEXT(FILTER(TF!F29, LEN(TF!F29)), ""h:mm AM/PM"")), """"), IFERROR(ARRAYFORMULA(TEXT(FILTER(WGOLF!F29, LEN(WGOLF!F29)), ""h:mm AM/PM"")), """"), IFERROR(ARRAYFORMULA(TEXT(FIL"&"TER(WBB!F29, LEN(WBB!F29)), ""h:mm AM/PM"")), """"), IFERROR(ARRAYFORMULA(TEXT(FILTER(MBB!F29, LEN(MBB!F29)), ""h:mm AM/PM"")), """"), IFERROR(ARRAYFORMULA(TEXT(FILTER(WLAX!F29, LEN(WLAX!F29)), ""h:mm AM/PM"")), """"), IFERROR(ARRAYFORMULA(TEXT(FILT"&"ER(MLAX!F29, LEN(MLAX!F29)), ""h:mm AM/PM"")), """"), IFERROR(ARRAYFORMULA(TEXT(FILTER(SOFT!F29, LEN(SOFT!F29)), ""h:mm AM/PM"")), """"), IFERROR(ARRAYFORMULA(TEXT(FILTER(BASE!F29, LEN(BASE!F29)), ""h:mm AM/PM"")), """"), IFERROR(ARRAYFORMULA(TEXT(F"&"ILTER(ESPORTS!F29, LEN(ESPORTS!F29)), ""h:mm AM/PM"")), """") ) "),"3:00 PM") -> 3:00 PM | J29: =IFERROR(__xludf.DUMMYFUNCTION("IFERROR( TEXTJOIN( CHAR(10) & CHAR(10), TRUE, FILTER( FLATTEN({ WSO!P29; MSO!P29; FH!P29; MGOLF!P29; Football!P29; WVB!P29; XC!P29; SWIMMING!P29; WTEN!P29; TF!P29; "&" WGOLF!P29; WBB!P29; MBB!P29; WLAX!P29; MLAX!P29; SOFT!P29; BASE!P29; ESPORTS!P29 }), (FLATTEN({ WSO!P29; MSO!P29; FH!P29; MGOLF!P29; Football!P29; WVB!P2"&"9; XC!P29; SWIMMING!P29; WTEN!P29; TF!P29; WGOLF!P29; WBB!P29; MBB!P29; WLAX!P29; MLAX!P29; SOFT!P29; BASE!P29; ESPORTS!P29 }) <> """") * (FLATTEN({ WSO!P"&"29; MSO!P29; FH!P29; MGOLF!P29; Football!P29; WVB!P29; XC!P29; SWIMMING!P29; WTEN!P29; TF!P29; WGOLF!P29; WBB!P29; MBB!P29; WLAX!P29; MLAX!P29; SOFT!P"&"29; BASE!P29; ESPORTS!P29 }) <> ""Status"") ) ), """" ) "),"⌛️ Pending") -> ⌛️ Pending
A30: 29 | C30: 46263 | D30: =text(C30,"dddd") -> Saturday | E30: =TEXTJOIN( CHAR(10) & CHAR(10), TRUE, IFERROR(WSO!E30, ""), IFERROR(MSO!E30, ""), IFERROR(FH!E30, ""), IFERROR(MGOLF!E30, ""), IFERROR(Football!E30, ""), IFERROR(WVB!E30, ""), IFERROR(XC!E30, ""), IFERROR(SWIMMING!E30, ""), IFERROR(WTEN!E30, ""), IFERROR(TF!E30, ""), IFERROR(WGOLF!E30, ""), IFERROR(WBB!E30, ""), IFERROR(MBB!E30, ""), IFERROR(WLAX!E30, ""), IFERROR(MLAX!E30, ""), IFERROR(SOFT!E30, ""), IFERROR(BASE!E30, ""), IFERROR(ESPORTS!E30, "") ) | F30: =IFERROR(__xludf.DUMMYFUNCTION("TEXTJOIN( CHAR(10) & CHAR(10), TRUE, IFERROR(TEXT(FILTER(WSO!F30, LEN(WSO!F30)), ""h:mm AM/PM""), """"), IFERROR(TEXT(FILTER(MSO!F30, LEN(MSO!F30)), ""h:mm AM/PM""), """"), IFERROR(TEXT(FILTER(FH!F30, LEN(FH!F30)), ""h:mm AM/PM""), """"), IFER"&"ROR(TEXT(FILTER(MGOLF!F30, LEN(MGOLF!F30)), ""h:mm AM/PM""), """"), IFERROR(TEXT(FILTER(Football!F30, LEN(Football!F30)), ""h:mm AM/PM""), """"), IFERROR(TEXT(FILTER(WVB!F30, LEN(WVB!F30)), ""h:mm AM/PM""), """"), IFERROR(TEXT(FILTER(XC!F30, LEN(XC!"&"F30)), ""h:mm AM/PM""), """"), IFERROR(TEXT(FILTER(SWIMMING!F30, LEN(SWIMMING!F30)), ""h:mm AM/PM""), """"), IFERROR(TEXT(FILTER(WTEN!F30, LEN(WTEN!F30)), ""h:mm AM/PM""), """"), IFERROR(TEXT(FILTER(TF!F30, LEN(TF!F30)), ""h:mm AM/PM""), """"), IF"&"ERROR(TEXT(FILTER(WGOLF!F30, LEN(WGOLF!F30)), ""h:mm AM/PM""), """"), IFERROR(TEXT(FILTER(WBB!F30, LEN(WBB!F30)), ""h:mm AM/PM""), """"), IFERROR(TEXT(FILTER(MBB!F30, LEN(MBB!F30)), ""h:mm AM/PM""), """"), IFERROR(TEXT(FILTER(WLAX!F30, LEN(WLAX!F30)"&"), ""h:mm AM/PM""), """"), IFERROR(TEXT(FILTER(MLAX!F30, LEN(MLAX!F30)), ""h:mm AM/PM""), """"), IFERROR(TEXT(FILTER(SOFT!F30, LEN(SOFT!F30)), ""h:mm AM/PM""), """"), IFERROR(TEXT(FILTER(BASE!F30, LEN(BASE!F30)), ""h:mm AM/PM""), """"), IFERROR(TE"&"XT(FILTER(ESPORTS!F30, LEN(ESPORTS!F30)), ""h:mm AM/PM""), """") ) "),"") | G30: =IFERROR(__xludf.DUMMYFUNCTION("TEXTJOIN( CHAR(10) & CHAR(10), TRUE, IFERROR(FILTER(WSO!G30, LEN(WSO!G30)), """"), IFERROR(FILTER(MSO!G30, LEN(MSO!G30)), """"), IFERROR(FILTER(FH!G30, LEN(FH!G30)), """"), IFERROR(FILTER(MGOLF!G30, LEN(MGOLF!G30)), """"), IFERROR(FILTER(Foo"&"tball!G30, LEN(Football!G30)), """"), IFERROR(FILTER(WVB!G30, LEN(WVB!G30)), """"), IFERROR(FILTER(XC!G30, LEN(XC!G30)), """"), IFERROR(FILTER(SWIMMING!G30, LEN(SWIMMING!G30)), """"), IFERROR(FILTER(WTEN!G30, LEN(WTEN!G30)), """"), IFERROR(FILTE"&"R(TF!G30, LEN(TF!G30)), """"), IFERROR(FILTER(WGOLF!G30:G1000, LEN(WGOLF!G30)), """"), IFERROR(FILTER(WBB!G30, LEN(WBB!G30)), """"), IFERROR(FILTER(MBB!G30, LEN(MBB!G30)), """"), IFERROR(FILTER(WLAX!G30, LEN(WLAX!G30)), """"), IFERROR(FILTER(MLA"&"X!G30, LEN(MLAX!G30)), """"), IFERROR(FILTER(SOFT!G30, LEN(SOFT!G30)), """"), IFERROR(FILTER(BASE!G30, LEN(BASE!G30)), """"), IFERROR(FILTER(ESPORTS!G30, LEN(ESPORTS!G30)), """") ) "),"") | H30: =IFERROR(__xludf.DUMMYFUNCTION("TEXTJOIN( CHAR(10) & CHAR(10), TRUE, IFERROR(FILTER(WSO!H30, LEN(WSO!H30)), """"), IFERROR(FILTER(MSO!H30, LEN(MSO!H30)), """"), IFERROR(FILTER(FH!H30, LEN(FH!H30)), """"), IFERROR(FILTER(MGOLF!H30, LEN(MGOLF!H30)), """"), IFERROR(FILTER(Foo"&"tball!H30, LEN(Football!H30)), """"), IFERROR(FILTER(WVB!H30, LEN(WVB!H30)), """"), IFERROR(FILTER(XC!H30, LEN(XC!H30)), """"), IFERROR(FILTER(SWIMMING!H30, LEN(SWIMMING!H30)), """"), IFERROR(FILTER(WTEN!H30, LEN(WTEN!H30)), """"), IFERROR(FILTE"&"R(TF!H30, LEN(TF!H30)), """"), IFERROR(FILTER(WGOLF!H30, LEN(WGOLF!H30)), """"), IFERROR(FILTER(WBB!H30, LEN(WBB!H30)), """"), IFERROR(FILTER(MBB!H30, LEN(MBB!H30)), """"), IFERROR(FILTER(WLAX!H30, LEN(WLAX!H30)), """"), IFERROR(FILTER(MLAX!H30,"&" LEN(MLAX!H30)), """"), IFERROR(FILTER(SOFT!H30, LEN(SOFT!H30)), """"), IFERROR(FILTER(BASE!H30, LEN(BASE!H30)), """"), IFERROR(FILTER(ESPORTS!H30, LEN(ESPORTS!H30)), """") ) "),"") | I30: =IFERROR(__xludf.DUMMYFUNCTION("TEXTJOIN( CHAR(10) & CHAR(10), TRUE, IFERROR(ARRAYFORMULA(TEXT(FILTER(WSO!F30, LEN(WSO!F30)), ""h:mm AM/PM"")), """"), IFERROR(ARRAYFORMULA(TEXT(FILTER(MSO!F30, LEN(MSO!F30)), ""h:mm AM/PM"")), """"), IFERROR(ARRAYFORMULA(TEXT(FILTER(FH!F30, LEN"&"(FH!F30)), ""h:mm AM/PM"")), """"), IFERROR(ARRAYFORMULA(TEXT(FILTER(MGOLF!F30, LEN(MGOLF!F30)), ""h:mm AM/PM"")), """"), IFERROR(ARRAYFORMULA(TEXT(FILTER(Football!F30, LEN(Football!F30)), ""h:mm AM/PM"")), """"), IFERROR(ARRAYFORMULA(TEXT(FILTER(WV"&"B!F30, LEN(WVB!F30)), ""h:mm AM/PM"")), """"), IFERROR(ARRAYFORMULA(TEXT(FILTER(XC!F30, LEN(XC!F30)), ""h:mm AM/PM"")), """"), IFERROR(ARRAYFORMULA(TEXT(FILTER(SWIMMING!F30, LEN(SWIMMING!F30)), ""h:mm AM/PM"")), """"), IFERROR(ARRAYFORMULA(TEXT(FILT"&"ER(WTEN!F30, LEN(WTEN!F30)), ""h:mm AM/PM"")), """"), IFERROR(ARRAYFORMULA(TEXT(FILTER(TF!F30, LEN(TF!F30)), ""h:mm AM/PM"")), """"), IFERROR(ARRAYFORMULA(TEXT(FILTER(WGOLF!F30, LEN(WGOLF!F30)), ""h:mm AM/PM"")), """"), IFERROR(ARRAYFORMULA(TEXT(FIL"&"TER(WBB!F30, LEN(WBB!F30)), ""h:mm AM/PM"")), """"), IFERROR(ARRAYFORMULA(TEXT(FILTER(MBB!F30, LEN(MBB!F30)), ""h:mm AM/PM"")), """"), IFERROR(ARRAYFORMULA(TEXT(FILTER(WLAX!F30, LEN(WLAX!F30)), ""h:mm AM/PM"")), """"), IFERROR(ARRAYFORMULA(TEXT(FILT"&"ER(MLAX!F30, LEN(MLAX!F30)), ""h:mm AM/PM"")), """"), IFERROR(ARRAYFORMULA(TEXT(FILTER(SOFT!F30, LEN(SOFT!F30)), ""h:mm AM/PM"")), """"), IFERROR(ARRAYFORMULA(TEXT(FILTER(BASE!F30, LEN(BASE!F30)), ""h:mm AM/PM"")), """"), IFERROR(ARRAYFORMULA(TEXT(F"&"ILTER(ESPORTS!F30, LEN(ESPORTS!F30)), ""h:mm AM/PM"")), """") ) "),"") | J30: =IFERROR(__xludf.DUMMYFUNCTION("IFERROR( TEXTJOIN( CHAR(10) & CHAR(10), TRUE, FILTER( FLATTEN({ WSO!P30; MSO!P30; FH!P30; MGOLF!P30; Football!P30; WVB!P30; XC!P30; SWIMMING!P30; WTEN!P30; TF!P30; "&" WGOLF!P30; WBB!P30; MBB!P30; WLAX!P30; MLAX!P30; SOFT!P30; BASE!P30; ESPORTS!P30 }), (FLATTEN({ WSO!P30; MSO!P30; FH!P30; MGOLF!P30; Football!P30; WVB!P3"&"0; XC!P30; SWIMMING!P30; WTEN!P30; TF!P30; WGOLF!P30; WBB!P30; MBB!P30; WLAX!P30; MLAX!P30; SOFT!P30; BASE!P30; ESPORTS!P30 }) <> """") * (FLATTEN({ WSO!P"&"30; MSO!P30; FH!P30; MGOLF!P30; Football!P30; WVB!P30; XC!P30; SWIMMING!P30; WTEN!P30; TF!P30; WGOLF!P30; WBB!P30; MBB!P30; WLAX!P30; MLAX!P30; SOFT!P"&"30; BASE!P30; ESPORTS!P30 }) <> ""Status"") ) ), """" ) "),"")
A31: 30 | C31: 46264 | D31: =text(C31,"dddd") -> Sunday | E31: =TEXTJOIN( CHAR(10) & CHAR(10), TRUE, IFERROR(WSO!E31, ""), IFERROR(MSO!E31, ""), IFERROR(FH!E31, ""), IFERROR(MGOLF!E31, ""), IFERROR(Football!E31, ""), IFERROR(WVB!E31, ""), IFERROR(XC!E31, ""), IFERROR(SWIMMING!E31, ""), IFERROR(WTEN!E31, ""), IFERROR(TF!E31, ""), IFERROR(WGOLF!E31, ""), IFERROR(WBB!E31, ""), IFERROR(MBB!E31, ""), IFERROR(WLAX!E31, ""), IFERROR(MLAX!E31, ""), IFERROR(SOFT!E31, ""), IFERROR(BASE!E31, ""), IFERROR(ESPORTS!E31, "") ) | F31: =IFERROR(__xludf.DUMMYFUNCTION("TEXTJOIN( CHAR(10) & CHAR(10), TRUE, IFERROR(TEXT(FILTER(WSO!F31, LEN(WSO!F31)), ""h:mm AM/PM""), """"), IFERROR(TEXT(FILTER(MSO!F31, LEN(MSO!F31)), ""h:mm AM/PM""), """"), IFERROR(TEXT(FILTER(FH!F31, LEN(FH!F31)), ""h:mm AM/PM""), """"), IFER"&"ROR(TEXT(FILTER(MGOLF!F31, LEN(MGOLF!F31)), ""h:mm AM/PM""), """"), IFERROR(TEXT(FILTER(Football!F31, LEN(Football!F31)), ""h:mm AM/PM""), """"), IFERROR(TEXT(FILTER(WVB!F31, LEN(WVB!F31)), ""h:mm AM/PM""), """"), IFERROR(TEXT(FILTER(XC!F31, LEN(XC!"&"F31)), ""h:mm AM/PM""), """"), IFERROR(TEXT(FILTER(SWIMMING!F31, LEN(SWIMMING!F31)), ""h:mm AM/PM""), """"), IFERROR(TEXT(FILTER(WTEN!F31, LEN(WTEN!F31)), ""h:mm AM/PM""), """"), IFERROR(TEXT(FILTER(TF!F31, LEN(TF!F31)), ""h:mm AM/PM""), """"), IF"&"ERROR(TEXT(FILTER(WGOLF!F31, LEN(WGOLF!F31)), ""h:mm AM/PM""), """"), IFERROR(TEXT(FILTER(WBB!F31, LEN(WBB!F31)), ""h:mm AM/PM""), """"), IFERROR(TEXT(FILTER(MBB!F31, LEN(MBB!F31)), ""h:mm AM/PM""), """"), IFERROR(TEXT(FILTER(WLAX!F31, LEN(WLAX!F31)"&"), ""h:mm AM/PM""), """"), IFERROR(TEXT(FILTER(MLAX!F31, LEN(MLAX!F31)), ""h:mm AM/PM""), """"), IFERROR(TEXT(FILTER(SOFT!F31, LEN(SOFT!F31)), ""h:mm AM/PM""), """"), IFERROR(TEXT(FILTER(BASE!F31, LEN(BASE!F31)), ""h:mm AM/PM""), """"), IFERROR(TE"&"XT(FILTER(ESPORTS!F31, LEN(ESPORTS!F31)), ""h:mm AM/PM""), """") ) "),"") | G31: =IFERROR(__xludf.DUMMYFUNCTION("TEXTJOIN( CHAR(10) & CHAR(10), TRUE, IFERROR(FILTER(WSO!G31, LEN(WSO!G31)), """"), IFERROR(FILTER(MSO!G31, LEN(MSO!G31)), """"), IFERROR(FILTER(FH!G31, LEN(FH!G31)), """"), IFERROR(FILTER(MGOLF!G31, LEN(MGOLF!G31)), """"), IFERROR(FILTER(Foo"&"tball!G31, LEN(Football!G31)), """"), IFERROR(FILTER(WVB!G31, LEN(WVB!G31)), """"), IFERROR(FILTER(XC!G31, LEN(XC!G31)), """"), IFERROR(FILTER(SWIMMING!G31, LEN(SWIMMING!G31)), """"), IFERROR(FILTER(WTEN!G31, LEN(WTEN!G31)), """"), IFERROR(FILTE"&"R(TF!G31, LEN(TF!G31)), """"), IFERROR(FILTER(WGOLF!G31:G1000, LEN(WGOLF!G31)), """"), IFERROR(FILTER(WBB!G31, LEN(WBB!G31)), """"), IFERROR(FILTER(MBB!G31, LEN(MBB!G31)), """"), IFERROR(FILTER(WLAX!G31, LEN(WLAX!G31)), """"), IFERROR(FILTER(MLA"&"X!G31, LEN(MLAX!G31)), """"), IFERROR(FILTER(SOFT!G31, LEN(SOFT!G31)), """"), IFERROR(FILTER(BASE!G31, LEN(BASE!G31)), """"), IFERROR(FILTER(ESPORTS!G31, LEN(ESPORTS!G31)), """") ) "),"") | H31: =IFERROR(__xludf.DUMMYFUNCTION("TEXTJOIN( CHAR(10) & CHAR(10), TRUE, IFERROR(FILTER(WSO!H31, LEN(WSO!H31)), """"), IFERROR(FILTER(MSO!H31, LEN(MSO!H31)), """"), IFERROR(FILTER(FH!H31, LEN(FH!H31)), """"), IFERROR(FILTER(MGOLF!H31, LEN(MGOLF!H31)), """"), IFERROR(FILTER(Foo"&"tball!H31, LEN(Football!H31)), """"), IFERROR(FILTER(WVB!H31, LEN(WVB!H31)), """"), IFERROR(FILTER(XC!H31, LEN(XC!H31)), """"), IFERROR(FILTER(SWIMMING!H31, LEN(SWIMMING!H31)), """"), IFERROR(FILTER(WTEN!H31, LEN(WTEN!H31)), """"), IFERROR(FILTE"&"R(TF!H31, LEN(TF!H31)), """"), IFERROR(FILTER(WGOLF!H31, LEN(WGOLF!H31)), """"), IFERROR(FILTER(WBB!H31, LEN(WBB!H31)), """"), IFERROR(FILTER(MBB!H31, LEN(MBB!H31)), """"), IFERROR(FILTER(WLAX!H31, LEN(WLAX!H31)), """"), IFERROR(FILTER(MLAX!H31,"&" LEN(MLAX!H31)), """"), IFERROR(FILTER(SOFT!H31, LEN(SOFT!H31)), """"), IFERROR(FILTER(BASE!H31, LEN(BASE!H31)), """"), IFERROR(FILTER(ESPORTS!H31, LEN(ESPORTS!H31)), """") ) "),"") | I31: =IFERROR(__xludf.DUMMYFUNCTION("TEXTJOIN( CHAR(10) & CHAR(10), TRUE, IFERROR(ARRAYFORMULA(TEXT(FILTER(WSO!F31, LEN(WSO!F31)), ""h:mm AM/PM"")), """"), IFERROR(ARRAYFORMULA(TEXT(FILTER(MSO!F31, LEN(MSO!F31)), ""h:mm AM/PM"")), """"), IFERROR(ARRAYFORMULA(TEXT(FILTER(FH!F31, LEN"&"(FH!F31)), ""h:mm AM/PM"")), """"), IFERROR(ARRAYFORMULA(TEXT(FILTER(MGOLF!F31, LEN(MGOLF!F31)), ""h:mm AM/PM"")), """"), IFERROR(ARRAYFORMULA(TEXT(FILTER(Football!F31, LEN(Football!F31)), ""h:mm AM/PM"")), """"), IFERROR(ARRAYFORMULA(TEXT(FILTER(WV"&"B!F31, LEN(WVB!F31)), ""h:mm AM/PM"")), """"), IFERROR(ARRAYFORMULA(TEXT(FILTER(XC!F31, LEN(XC!F31)), ""h:mm AM/PM"")), """"), IFERROR(ARRAYFORMULA(TEXT(FILTER(SWIMMING!F31, LEN(SWIMMING!F31)), ""h:mm AM/PM"")), """"), IFERROR(ARRAYFORMULA(TEXT(FILT"&"ER(WTEN!F31, LEN(WTEN!F31)), ""h:mm AM/PM"")), """"), IFERROR(ARRAYFORMULA(TEXT(FILTER(TF!F31, LEN(TF!F31)), ""h:mm AM/PM"")), """"), IFERROR(ARRAYFORMULA(TEXT(FILTER(WGOLF!F31, LEN(WGOLF!F31)), ""h:mm AM/PM"")), """"), IFERROR(ARRAYFORMULA(TEXT(FIL"&"TER(WBB!F31, LEN(WBB!F31)), ""h:mm AM/PM"")), """"), IFERROR(ARRAYFORMULA(TEXT(FILTER(MBB!F31, LEN(MBB!F31)), ""h:mm AM/PM"")), """"), IFERROR(ARRAYFORMULA(TEXT(FILTER(WLAX!F31, LEN(WLAX!F31)), ""h:mm AM/PM"")), """"), IFERROR(ARRAYFORMULA(TEXT(FILT"&"ER(MLAX!F31, LEN(MLAX!F31)), ""h:mm AM/PM"")), """"), IFERROR(ARRAYFORMULA(TEXT(FILTER(SOFT!F31, LEN(SOFT!F31)), ""h:mm AM/PM"")), """"), IFERROR(ARRAYFORMULA(TEXT(FILTER(BASE!F31, LEN(BASE!F31)), ""h:mm AM/PM"")), """"), IFERROR(ARRAYFORMULA(TEXT(F"&"ILTER(ESPORTS!F31, LEN(ESPORTS!F31)), ""h:mm AM/PM"")), """") ) "),"") | J31: =IFERROR(__xludf.DUMMYFUNCTION("IFERROR( TEXTJOIN( CHAR(10) & CHAR(10), TRUE, FILTER( FLATTEN({ WSO!P31; MSO!P31; FH!P31; MGOLF!P31; Football!P31; WVB!P31; XC!P31; SWIMMING!P31; WTEN!P31; TF!P31; "&" WGOLF!P31; WBB!P31; MBB!P31; WLAX!P31; MLAX!P31; SOFT!P31; BASE!P31; ESPORTS!P31 }), (FLATTEN({ WSO!P31; MSO!P31; FH!P31; MGOLF!P31; Football!P31; WVB!P3"&"1; XC!P31; SWIMMING!P31; WTEN!P31; TF!P31; WGOLF!P31; WBB!P31; MBB!P31; WLAX!P31; MLAX!P31; SOFT!P31; BASE!P31; ESPORTS!P31 }) <> """") * (FLATTEN({ WSO!P"&"31; MSO!P31; FH!P31; MGOLF!P31; Football!P31; WVB!P31; XC!P31; SWIMMING!P31; WTEN!P31; TF!P31; WGOLF!P31; WBB!P31; MBB!P31; WLAX!P31; MLAX!P31; SOFT!P"&"31; BASE!P31; ESPORTS!P31 }) <> ""Status"") ) ), """" ) "),"")
A32: 31 | C32: 46265 | D32: =text(C32,"dddd") -> Monday | E32: =TEXTJOIN( CHAR(10) & CHAR(10), TRUE, IFERROR(WSO!E32, ""), IFERROR(MSO!E32, ""), IFERROR(FH!E32, ""), IFERROR(MGOLF!E32, ""), IFERROR(Football!E32, ""), IFERROR(WVB!E32, ""), IFERROR(XC!E32, ""), IFERROR(SWIMMING!E32, ""), IFERROR(WTEN!E32, ""), IFERROR(TF!E32, ""), IFERROR(WGOLF!E32, ""), IFERROR(WBB!E32, ""), IFERROR(MBB!E32, ""), IFERROR(WLAX!E32, ""), IFERROR(MLAX!E32, ""), IFERROR(SOFT!E32, ""), IFERROR(BASE!E32, ""), IFERROR(ESPORTS!E32, "") ) | F32: =IFERROR(__xludf.DUMMYFUNCTION("TEXTJOIN( CHAR(10) & CHAR(10), TRUE, IFERROR(TEXT(FILTER(WSO!F32, LEN(WSO!F32)), ""h:mm AM/PM""), """"), IFERROR(TEXT(FILTER(MSO!F32, LEN(MSO!F32)), ""h:mm AM/PM""), """"), IFERROR(TEXT(FILTER(FH!F32, LEN(FH!F32)), ""h:mm AM/PM""), """"), IFER"&"ROR(TEXT(FILTER(MGOLF!F32, LEN(MGOLF!F32)), ""h:mm AM/PM""), """"), IFERROR(TEXT(FILTER(Football!F32, LEN(Football!F32)), ""h:mm AM/PM""), """"), IFERROR(TEXT(FILTER(WVB!F32, LEN(WVB!F32)), ""h:mm AM/PM""), """"), IFERROR(TEXT(FILTER(XC!F32, LEN(XC!"&"F32)), ""h:mm AM/PM""), """"), IFERROR(TEXT(FILTER(SWIMMING!F32, LEN(SWIMMING!F32)), ""h:mm AM/PM""), """"), IFERROR(TEXT(FILTER(WTEN!F32, LEN(WTEN!F32)), ""h:mm AM/PM""), """"), IFERROR(TEXT(FILTER(TF!F32, LEN(TF!F32)), ""h:mm AM/PM""), """"), IF"&"ERROR(TEXT(FILTER(WGOLF!F32, LEN(WGOLF!F32)), ""h:mm AM/PM""), """"), IFERROR(TEXT(FILTER(WBB!F32, LEN(WBB!F32)), ""h:mm AM/PM""), """"), IFERROR(TEXT(FILTER(MBB!F32, LEN(MBB!F32)), ""h:mm AM/PM""), """"), IFERROR(TEXT(FILTER(WLAX!F32, LEN(WLAX!F32)"&"), ""h:mm AM/PM""), """"), IFERROR(TEXT(FILTER(MLAX!F32, LEN(MLAX!F32)), ""h:mm AM/PM""), """"), IFERROR(TEXT(FILTER(SOFT!F32, LEN(SOFT!F32)), ""h:mm AM/PM""), """"), IFERROR(TEXT(FILTER(BASE!F32, LEN(BASE!F32)), ""h:mm AM/PM""), """"), IFERROR(TE"&"XT(FILTER(ESPORTS!F32, LEN(ESPORTS!F32)), ""h:mm AM/PM""), """") ) "),"") | G32: =IFERROR(__xludf.DUMMYFUNCTION("TEXTJOIN( CHAR(10) & CHAR(10), TRUE, IFERROR(FILTER(WSO!G32, LEN(WSO!G32)), """"), IFERROR(FILTER(MSO!G32, LEN(MSO!G32)), """"), IFERROR(FILTER(FH!G32, LEN(FH!G32)), """"), IFERROR(FILTER(MGOLF!G32, LEN(MGOLF!G32)), """"), IFERROR(FILTER(Foo"&"tball!G32, LEN(Football!G32)), """"), IFERROR(FILTER(WVB!G32, LEN(WVB!G32)), """"), IFERROR(FILTER(XC!G32, LEN(XC!G32)), """"), IFERROR(FILTER(SWIMMING!G32, LEN(SWIMMING!G32)), """"), IFERROR(FILTER(WTEN!G32, LEN(WTEN!G32)), """"), IFERROR(FILTE"&"R(TF!G32, LEN(TF!G32)), """"), IFERROR(FILTER(WGOLF!G32:G1000, LEN(WGOLF!G32)), """"), IFERROR(FILTER(WBB!G32, LEN(WBB!G32)), """"), IFERROR(FILTER(MBB!G32, LEN(MBB!G32)), """"), IFERROR(FILTER(WLAX!G32, LEN(WLAX!G32)), """"), IFERROR(FILTER(MLA"&"X!G32, LEN(MLAX!G32)), """"), IFERROR(FILTER(SOFT!G32, LEN(SOFT!G32)), """"), IFERROR(FILTER(BASE!G32, LEN(BASE!G32)), """"), IFERROR(FILTER(ESPORTS!G32, LEN(ESPORTS!G32)), """") ) "),"") | H32: =IFERROR(__xludf.DUMMYFUNCTION("TEXTJOIN( CHAR(10) & CHAR(10), TRUE, IFERROR(FILTER(WSO!H32, LEN(WSO!H32)), """"), IFERROR(FILTER(MSO!H32, LEN(MSO!H32)), """"), IFERROR(FILTER(FH!H32, LEN(FH!H32)), """"), IFERROR(FILTER(MGOLF!H32, LEN(MGOLF!H32)), """"), IFERROR(FILTER(Foo"&"tball!H32, LEN(Football!H32)), """"), IFERROR(FILTER(WVB!H32, LEN(WVB!H32)), """"), IFERROR(FILTER(XC!H32, LEN(XC!H32)), """"), IFERROR(FILTER(SWIMMING!H32, LEN(SWIMMING!H32)), """"), IFERROR(FILTER(WTEN!H32, LEN(WTEN!H32)), """"), IFERROR(FILTE"&"R(TF!H32, LEN(TF!H32)), """"), IFERROR(FILTER(WGOLF!H32, LEN(WGOLF!H32)), """"), IFERROR(FILTER(WBB!H32, LEN(WBB!H32)), """"), IFERROR(FILTER(MBB!H32, LEN(MBB!H32)), """"), IFERROR(FILTER(WLAX!H32, LEN(WLAX!H32)), """"), IFERROR(FILTER(MLAX!H32,"&" LEN(MLAX!H32)), """"), IFERROR(FILTER(SOFT!H32, LEN(SOFT!H32)), """"), IFERROR(FILTER(BASE!H32, LEN(BASE!H32)), """"), IFERROR(FILTER(ESPORTS!H32, LEN(ESPORTS!H32)), """") ) "),"") | I32: =IFERROR(__xludf.DUMMYFUNCTION("TEXTJOIN( CHAR(10) & CHAR(10), TRUE, IFERROR(ARRAYFORMULA(TEXT(FILTER(WSO!F32, LEN(WSO!F32)), ""h:mm AM/PM"")), """"), IFERROR(ARRAYFORMULA(TEXT(FILTER(MSO!F32, LEN(MSO!F32)), ""h:mm AM/PM"")), """"), IFERROR(ARRAYFORMULA(TEXT(FILTER(FH!F32, LEN"&"(FH!F32)), ""h:mm AM/PM"")), """"), IFERROR(ARRAYFORMULA(TEXT(FILTER(MGOLF!F32, LEN(MGOLF!F32)), ""h:mm AM/PM"")), """"), IFERROR(ARRAYFORMULA(TEXT(FILTER(Football!F32, LEN(Football!F32)), ""h:mm AM/PM"")), """"), IFERROR(ARRAYFORMULA(TEXT(FILTER(WV"&"B!F32, LEN(WVB!F32)), ""h:mm AM/PM"")), """"), IFERROR(ARRAYFORMULA(TEXT(FILTER(XC!F32, LEN(XC!F32)), ""h:mm AM/PM"")), """"), IFERROR(ARRAYFORMULA(TEXT(FILTER(SWIMMING!F32, LEN(SWIMMING!F32)), ""h:mm AM/PM"")), """"), IFERROR(ARRAYFORMULA(TEXT(FILT"&"ER(WTEN!F32, LEN(WTEN!F32)), ""h:mm AM/PM"")), """"), IFERROR(ARRAYFORMULA(TEXT(FILTER(TF!F32, LEN(TF!F32)), ""h:mm AM/PM"")), """"), IFERROR(ARRAYFORMULA(TEXT(FILTER(WGOLF!F32, LEN(WGOLF!F32)), ""h:mm AM/PM"")), """"), IFERROR(ARRAYFORMULA(TEXT(FIL"&"TER(WBB!F32, LEN(WBB!F32)), ""h:mm AM/PM"")), """"), IFERROR(ARRAYFORMULA(TEXT(FILTER(MBB!F32, LEN(MBB!F32)), ""h:mm AM/PM"")), """"), IFERROR(ARRAYFORMULA(TEXT(FILTER(WLAX!F32, LEN(WLAX!F32)), ""h:mm AM/PM"")), """"), IFERROR(ARRAYFORMULA(TEXT(FILT"&"ER(MLAX!F32, LEN(MLAX!F32)), ""h:mm AM/PM"")), """"), IFERROR(ARRAYFORMULA(TEXT(FILTER(SOFT!F32, LEN(SOFT!F32)), ""h:mm AM/PM"")), """"), IFERROR(ARRAYFORMULA(TEXT(FILTER(BASE!F32, LEN(BASE!F32)), ""h:mm AM/PM"")), """"), IFERROR(ARRAYFORMULA(TEXT(F"&"ILTER(ESPORTS!F32, LEN(ESPORTS!F32)), ""h:mm AM/PM"")), """") ) "),"") | J32: =IFERROR(__xludf.DUMMYFUNCTION("IFERROR( TEXTJOIN( CHAR(10) & CHAR(10), TRUE, FILTER( FLATTEN({ WSO!P32; MSO!P32; FH!P32; MGOLF!P32; Football!P32; WVB!P32; XC!P32; SWIMMING!P32; WTEN!P32; TF!P32; "&" WGOLF!P32; WBB!P32; MBB!P32; WLAX!P32; MLAX!P32; SOFT!P32; BASE!P32; ESPORTS!P32 }), (FLATTEN({ WSO!P32; MSO!P32; FH!P32; MGOLF!P32; Football!P32; WVB!P3"&"2; XC!P32; SWIMMING!P32; WTEN!P32; TF!P32; WGOLF!P32; WBB!P32; MBB!P32; WLAX!P32; MLAX!P32; SOFT!P32; BASE!P32; ESPORTS!P32 }) <> """") * (FLATTEN({ WSO!P"&"32; MSO!P32; FH!P32; MGOLF!P32; Football!P32; WVB!P32; XC!P32; SWIMMING!P32; WTEN!P32; TF!P32; WGOLF!P32; WBB!P32; MBB!P32; WLAX!P32; MLAX!P32; SOFT!P"&"32; BASE!P32; ESPORTS!P32 }) <> ""Status"") ) ), """" ) "),"")
A33: 32 | C33: 46266 | D33: =text(C33,"dddd") -> Tuesday | E33: =TEXTJOIN( CHAR(10) & CHAR(10), TRUE, IFERROR(WSO!E33, ""), IFERROR(MSO!E33, ""), IFERROR(FH!E33, ""), IFERROR(MGOLF!E33, ""), IFERROR(Football!E33, ""), IFERROR(WVB!E33, ""), IFERROR(XC!E33, ""), IFERROR(SWIMMING!E33, ""), IFERROR(WTEN!E33, ""), IFERROR(TF!E33, ""), IFERROR(WGOLF!E33, ""), IFERROR(WBB!E33, ""), IFERROR(MBB!E33, ""), IFERROR(WLAX!E33, ""), IFERROR(MLAX!E33, ""), IFERROR(SOFT!E33, ""), IFERROR(BASE!E33, ""), IFERROR(ESPORTS!E33, "") ) -> WSO MSO | F33: =IFERROR(__xludf.DUMMYFUNCTION("TEXTJOIN( CHAR(10) & CHAR(10), TRUE, IFERROR(TEXT(FILTER(WSO!F33, LEN(WSO!F33)), ""h:mm AM/PM""), """"), IFERROR(TEXT(FILTER(MSO!F33, LEN(MSO!F33)), ""h:mm AM/PM""), """"), IFERROR(TEXT(FILTER(FH!F33, LEN(FH!F33)), ""h:mm AM/PM""), """"), IFER"&"ROR(TEXT(FILTER(MGOLF!F33, LEN(MGOLF!F33)), ""h:mm AM/PM""), """"), IFERROR(TEXT(FILTER(Football!F33, LEN(Football!F33)), ""h:mm AM/PM""), """"), IFERROR(TEXT(FILTER(WVB!F33, LEN(WVB!F33)), ""h:mm AM/PM""), """"), IFERROR(TEXT(FILTER(XC!F33, LEN(XC!"&"F33)), ""h:mm AM/PM""), """"), IFERROR(TEXT(FILTER(SWIMMING!F33, LEN(SWIMMING!F33)), ""h:mm AM/PM""), """"), IFERROR(TEXT(FILTER(WTEN!F33, LEN(WTEN!F33)), ""h:mm AM/PM""), """"), IFERROR(TEXT(FILTER(TF!F33, LEN(TF!F33)), ""h:mm AM/PM""), """"), IF"&"ERROR(TEXT(FILTER(WGOLF!F33, LEN(WGOLF!F33)), ""h:mm AM/PM""), """"), IFERROR(TEXT(FILTER(WBB!F33, LEN(WBB!F33)), ""h:mm AM/PM""), """"), IFERROR(TEXT(FILTER(MBB!F33, LEN(MBB!F33)), ""h:mm AM/PM""), """"), IFERROR(TEXT(FILTER(WLAX!F33, LEN(WLAX!F33)"&"), ""h:mm AM/PM""), """"), IFERROR(TEXT(FILTER(MLAX!F33, LEN(MLAX!F33)), ""h:mm AM/PM""), """"), IFERROR(TEXT(FILTER(SOFT!F33, LEN(SOFT!F33)), ""h:mm AM/PM""), """"), IFERROR(TEXT(FILTER(BASE!F33, LEN(BASE!F33)), ""h:mm AM/PM""), """"), IFERROR(TE"&"XT(FILTER(ESPORTS!F33, LEN(ESPORTS!F33)), ""h:mm AM/PM""), """") ) "),"4:00 PM TBD") -> 4:00 PM TBD | G33: =IFERROR(__xludf.DUMMYFUNCTION("TEXTJOIN( CHAR(10) & CHAR(10), TRUE, IFERROR(FILTER(WSO!G33, LEN(WSO!G33)), """"), IFERROR(FILTER(MSO!G33, LEN(MSO!G33)), """"), IFERROR(FILTER(FH!G33, LEN(FH!G33)), """"), IFERROR(FILTER(MGOLF!G33, LEN(MGOLF!G33)), """"), IFERROR(FILTER(Foo"&"tball!G33, LEN(Football!G33)), """"), IFERROR(FILTER(WVB!G33, LEN(WVB!G33)), """"), IFERROR(FILTER(XC!G33, LEN(XC!G33)), """"), IFERROR(FILTER(SWIMMING!G33, LEN(SWIMMING!G33)), """"), IFERROR(FILTER(WTEN!G33, LEN(WTEN!G33)), """"), IFERROR(FILTE"&"R(TF!G33, LEN(TF!G33)), """"), IFERROR(FILTER(WGOLF!G33:G1000, LEN(WGOLF!G33)), """"), IFERROR(FILTER(WBB!G33, LEN(WBB!G33)), """"), IFERROR(FILTER(MBB!G33, LEN(MBB!G33)), """"), IFERROR(FILTER(WLAX!G33, LEN(WLAX!G33)), """"), IFERROR(FILTER(MLA"&"X!G33, LEN(MLAX!G33)), """"), IFERROR(FILTER(SOFT!G33, LEN(SOFT!G33)), """"), IFERROR(FILTER(BASE!G33, LEN(BASE!G33)), """"), IFERROR(FILTER(ESPORTS!G33, LEN(ESPORTS!G33)), """") ) "),"CMCC USM") -> CMCC USM | H33: =IFERROR(__xludf.DUMMYFUNCTION("TEXTJOIN( CHAR(10) & CHAR(10), TRUE, IFERROR(FILTER(WSO!H33, LEN(WSO!H33)), """"), IFERROR(FILTER(MSO!H33, LEN(MSO!H33)), """"), IFERROR(FILTER(FH!H33, LEN(FH!H33)), """"), IFERROR(FILTER(MGOLF!H33, LEN(MGOLF!H33)), """"), IFERROR(FILTER(Foo"&"tball!H33, LEN(Football!H33)), """"), IFERROR(FILTER(WVB!H33, LEN(WVB!H33)), """"), IFERROR(FILTER(XC!H33, LEN(XC!H33)), """"), IFERROR(FILTER(SWIMMING!H33, LEN(SWIMMING!H33)), """"), IFERROR(FILTER(WTEN!H33, LEN(WTEN!H33)), """"), IFERROR(FILTE"&"R(TF!H33, LEN(TF!H33)), """"), IFERROR(FILTER(WGOLF!H33, LEN(WGOLF!H33)), """"), IFERROR(FILTER(WBB!H33, LEN(WBB!H33)), """"), IFERROR(FILTER(MBB!H33, LEN(MBB!H33)), """"), IFERROR(FILTER(WLAX!H33, LEN(WLAX!H33)), """"), IFERROR(FILTER(MLAX!H33,"&" LEN(MLAX!H33)), """"), IFERROR(FILTER(SOFT!H33, LEN(SOFT!H33)), """"), IFERROR(FILTER(BASE!H33, LEN(BASE!H33)), """"), IFERROR(FILTER(ESPORTS!H33, LEN(ESPORTS!H33)), """") ) "),"Home Home") -> Home Home | I33: =IFERROR(__xludf.DUMMYFUNCTION("TEXTJOIN( CHAR(10) & CHAR(10), TRUE, IFERROR(ARRAYFORMULA(TEXT(FILTER(WSO!F33, LEN(WSO!F33)), ""h:mm AM/PM"")), """"), IFERROR(ARRAYFORMULA(TEXT(FILTER(MSO!F33, LEN(MSO!F33)), ""h:mm AM/PM"")), """"), IFERROR(ARRAYFORMULA(TEXT(FILTER(FH!F33, LEN"&"(FH!F33)), ""h:mm AM/PM"")), """"), IFERROR(ARRAYFORMULA(TEXT(FILTER(MGOLF!F33, LEN(MGOLF!F33)), ""h:mm AM/PM"")), """"), IFERROR(ARRAYFORMULA(TEXT(FILTER(Football!F33, LEN(Football!F33)), ""h:mm AM/PM"")), """"), IFERROR(ARRAYFORMULA(TEXT(FILTER(WV"&"B!F33, LEN(WVB!F33)), ""h:mm AM/PM"")), """"), IFERROR(ARRAYFORMULA(TEXT(FILTER(XC!F33, LEN(XC!F33)), ""h:mm AM/PM"")), """"), IFERROR(ARRAYFORMULA(TEXT(FILTER(SWIMMING!F33, LEN(SWIMMING!F33)), ""h:mm AM/PM"")), """"), IFERROR(ARRAYFORMULA(TEXT(FILT"&"ER(WTEN!F33, LEN(WTEN!F33)), ""h:mm AM/PM"")), """"), IFERROR(ARRAYFORMULA(TEXT(FILTER(TF!F33, LEN(TF!F33)), ""h:mm AM/PM"")), """"), IFERROR(ARRAYFORMULA(TEXT(FILTER(WGOLF!F33, LEN(WGOLF!F33)), ""h:mm AM/PM"")), """"), IFERROR(ARRAYFORMULA(TEXT(FIL"&"TER(WBB!F33, LEN(WBB!F33)), ""h:mm AM/PM"")), """"), IFERROR(ARRAYFORMULA(TEXT(FILTER(MBB!F33, LEN(MBB!F33)), ""h:mm AM/PM"")), """"), IFERROR(ARRAYFORMULA(TEXT(FILTER(WLAX!F33, LEN(WLAX!F33)), ""h:mm AM/PM"")), """"), IFERROR(ARRAYFORMULA(TEXT(FILT"&"ER(MLAX!F33, LEN(MLAX!F33)), ""h:mm AM/PM"")), """"), IFERROR(ARRAYFORMULA(TEXT(FILTER(SOFT!F33, LEN(SOFT!F33)), ""h:mm AM/PM"")), """"), IFERROR(ARRAYFORMULA(TEXT(FILTER(BASE!F33, LEN(BASE!F33)), ""h:mm AM/PM"")), """"), IFERROR(ARRAYFORMULA(TEXT(F"&"ILTER(ESPORTS!F33, LEN(ESPORTS!F33)), ""h:mm AM/PM"")), """") ) "),"4:00 PM TBD") -> 4:00 PM TBD | J33: =IFERROR(__xludf.DUMMYFUNCTION("IFERROR( TEXTJOIN( CHAR(10) & CHAR(10), TRUE, FILTER( FLATTEN({ WSO!P33; MSO!P33; FH!P33; MGOLF!P33; Football!P33; WVB!P33; XC!P33; SWIMMING!P33; WTEN!P33; TF!P33; "&" WGOLF!P33; WBB!P33; MBB!P33; WLAX!P33; MLAX!P33; SOFT!P33; BASE!P33; ESPORTS!P33 }), (FLATTEN({ WSO!P33; MSO!P33; FH!P33; MGOLF!P33; Football!P33; WVB!P3"&"3; XC!P33; SWIMMING!P33; WTEN!P33; TF!P33; WGOLF!P33; WBB!P33; MBB!P33; WLAX!P33; MLAX!P33; SOFT!P33; BASE!P33; ESPORTS!P33 }) <> """") * (FLATTEN({ WSO!P"&"33; MSO!P33; FH!P33; MGOLF!P33; Football!P33; WVB!P33; XC!P33; SWIMMING!P33; WTEN!P33; TF!P33; WGOLF!P33; WBB!P33; MBB!P33; WLAX!P33; MLAX!P33; SOFT!P"&"33; BASE!P33; ESPORTS!P33 }) <> ""Status"") ) ), """" ) "),"⌛️ Pending ⌛️ Pending") -> ⌛️ Pending ⌛️ Pending
